team,player_name,player_full_name,batting_style,bowling_style,playing_role
Sunrisers Hyderabad Squad,Vijayakanth Viyaskanth,Vijayakanth Viyaskanth,Right hand Bat,Legbreak,Bowler
Sunrisers Hyderabad Squad,Jaydev Unadkat,Jaydev Dipakbhai Unadkat,Right hand Bat,Left arm Medium,Bowler
Sunrisers Hyderabad Squad,Umran Malik,Umran Malik,Right hand Bat,Right arm Fast,Bowler
Sunrisers Hyderabad Squad,Jhathavedh Subramanyan,Jhathavedh Subramanyan,Right hand Bat,Legbreak,Bowler
Sunrisers Hyderabad Squad,T Natarajan,Thangarasu Natarajan,Left hand Bat,Left arm Medium,Bowler
Sunrisers Hyderabad Squad,Mayank Markande,Mayank Markande,Right hand Bat,Legbreak,Bowler
Sunrisers Hyderabad Squad,Bhuvneshwar Kumar,Bhuvneshwar Kumar Singh,Right hand Bat,Right arm Medium,Bowler
Sunrisers Hyderabad Squad,Fazalhaq Farooqi,Fazalhaq Farooqi,Right hand Bat,Left arm Fast medium,Bowler
Sunrisers Hyderabad Squad,Akash Singh,Akash Maharaj Singh,Right hand Bat,Left arm Medium fast,Bowler
Sunrisers Hyderabad Squad,Pat Cummins,Patrick James Cummins,Right hand Bat,Right arm Fast,Bowler
Sunrisers Hyderabad Squad,Wanindu Hasaranga,Pinnaduwage Wanindu Hasaranga de Silva,Right hand Bat,Legbreak,Allrounder
Sunrisers Hyderabad Squad,Washington Sundar,Washington Sundar,Left hand Bat,Right arm Offbreak,Bowling Allrounder
Sunrisers Hyderabad Squad,Shahbaz Ahmed,Shahbaz Ahmed,Left hand Bat,Slow Left arm Orthodox,Allrounder
Sunrisers Hyderabad Squad,Sanvir Singh,Sanvir Singh,Right hand Bat,Right arm Medium,Allrounder
Sunrisers Hyderabad Squad,Glenn Phillips,Glenn Dominic Phillips,Right hand Bat,Right arm Offbreak,Wicketkeeper
Sunrisers Hyderabad Squad,Nitish Kumar Reddy,Kaki Nitish Kumar Reddy,Right hand Bat,Right arm Medium fast,Batting Allrounder
Sunrisers Hyderabad Squad,Aiden Markram,Aiden Kyle Markram,Right hand Bat,Right arm Offbreak,Allrounder
Sunrisers Hyderabad Squad,Marco Jansen,Marco Jansen,Right hand Bat,Left arm Fast,Bowling Allrounder
Sunrisers Hyderabad Squad,Abhishek Sharma,Abhishek Sharma,Left hand Bat,Slow Left arm Orthodox,Batting Allrounder
Sunrisers Hyderabad Squad,Upendra Yadav,Upendra Diwansingh Yadav,Right hand Bat,Right arm Offbreak,Wicketkeeper
Sunrisers Hyderabad Squad,Rahul Tripathi,Rahul Ajay Tripathi,Right hand Bat,Right arm Medium,Top order Batter
Sunrisers Hyderabad Squad,Heinrich Klaasen,Heinrich Klaasen,Right hand Bat,Right arm Offbreak,Wicketkeeper
Sunrisers Hyderabad Squad,Travis Head,Travis Michael Head,Left hand Bat,Right arm Offbreak,Wicketkeeper
Sunrisers Hyderabad Squad,Anmolpreet Singh,Anmolpreet Singh,Right hand Bat,Right arm Offbreak,Batter
Sunrisers Hyderabad Squad,Mayank Agarwal,Mayank Anurag Agarwal,Right hand Bat,Right arm Offbreak,Batter
Sunrisers Hyderabad Squad,Abdul Samad,Abdul Samad Farooq,Right hand Bat,Legbreak,Batter
Royal Challengers Bengaluru Squad,Yash Dayal,Yash Dayal,Right hand Bat,Left arm Medium fast,Bowler
Royal Challengers Bengaluru Squad,Vijaykumar Vyshak,Vijaykumar Vyshak,Right hand Bat,Right arm Medium,Bowler
Royal Challengers Bengaluru Squad,Reece Topley,Reece James William Topley,Right hand Bat,Left arm Fast medium,Bowler
Royal Challengers Bengaluru Squad,Swapnil Singh,Swapnil Singh,Right hand Bat,Slow Left arm Orthodox,Bowler
Royal Challengers Bengaluru Squad,Karn Sharma,Karn Vinod Sharma,Left hand Bat,Legbreak Googly,Bowler
Royal Challengers Bengaluru Squad,Himanshu Sharma,Himanshu Sharma,Right hand Bat,Legbreak,Bowler
Royal Challengers Bengaluru Squad,Rajan Kumar,Rajan Kumar,Left hand Bat,Left arm Medium fast,Bowler
Royal Challengers Bengaluru Squad,Mohammed Siraj,Mohammed Siraj,Right hand Bat,Right arm Fast,Bowler
Royal Challengers Bengaluru Squad,Alzarri Joseph,Alzarri Shaheim Joseph,Right hand Bat,Right arm Fast,Bowler
Royal Challengers Bengaluru Squad,Lockie Ferguson,Lachlan Hammond Ferguson,Right hand Bat,Right arm Fast,Bowler
Royal Challengers Bengaluru Squad,Mayank Dagar,Mayank J Dagar,Right hand Bat,Slow Left arm Orthodox,Bowler
Royal Challengers Bengaluru Squad,Akash Deep,Akash Deep,Right hand Bat,Right arm Fast medium,Bowler
Royal Challengers Bengaluru Squad,Suyash Prabhudessai,Suyash S Prabhudessai,Right hand Bat,Right arm Medium,Batting Allrounder
Royal Challengers Bengaluru Squad,Glenn Maxwell,Glenn James Maxwell,Right hand Bat,Right arm Offbreak,Batting Allrounder
Royal Challengers Bengaluru Squad,Mahipal Lomror,Mahipal Krishan Lomror,Left hand Bat,Slow Left arm Orthodox,Allrounder
Royal Challengers Bengaluru Squad,Will Jacks,William George Jacks,Right hand Bat,Right arm Offbreak,Batting Allrounder
Royal Challengers Bengaluru Squad,Cameron Green,Cameron Donald Green,Right hand Bat,Right arm Fast medium,Batting Allrounder
Royal Challengers Bengaluru Squad,Tom Curran,Thomas Kevin Curran,Right hand Bat,Right arm Fast medium,Allrounder
Royal Challengers Bengaluru Squad,Manoj Bhandage,Manoj Shivaramsa Bhandage,Left hand Bat,Right arm Medium fast,Allrounder
Royal Challengers Bengaluru Squad,Rajat Patidar,Rajat Manohar Patidar,Right hand Bat,Right arm Offbreak,Top order Batter
Royal Challengers Bengaluru Squad,Virat Kohli,Virat Kohli,Right hand Bat,Right arm Medium,Top order Batter
Royal Challengers Bengaluru Squad,Dinesh Karthik,Krishnakumar Dinesh Karthik,Right hand Bat,Right arm Offbreak,Wicketkeeper Batter
Royal Challengers Bengaluru Squad,Saurav Chauhan,Saurav Dilipsingh Chauhan,Left hand Bat,Right arm Offbreak,Occasional Wicketkeeper
Royal Challengers Bengaluru Squad,Anuj Rawat,Anuj Rawat,Left hand Bat,Wicketkeeper Batter,
Royal Challengers Bengaluru Squad,Faf du Plessis,Francois du Plessis,Right hand Bat,Legbreak,Middle order Batter
Rajasthan Royals Squad,Adam Zampa,Adam Zampa,Right hand Bat,Legbreak Googly,Bowler
Rajasthan Royals Squad,Prasidh Krishna,Muralikrishna Prasidh Krishna,Right hand Bat,Right arm Fast medium,Bowler
Rajasthan Royals Squad,Kuldeep Sen,Kuldeep Rampal Sen,Right hand Bat,Right arm Fast,Bowler
Rajasthan Royals Squad,Sandeep Sharma,Sandeep Sharma,Right hand Bat,Right arm Medium,Bowler
Rajasthan Royals Squad,Navdeep Saini,Navdeep Amarjeet Saini,Right hand Bat,Right arm Fast,Bowler
Rajasthan Royals Squad,Keshav Maharaj,Keshav Athmanand Maharaj,Right hand Bat,Slow Left arm Orthodox,Bowler
Rajasthan Royals Squad,Yuzvendra Chahal,Yuzvendra Singh Chahal,Right hand Bat,Legbreak Googly,Bowler
Rajasthan Royals Squad,Nandre Burger,Nandre Burger,Left hand Bat,Left arm Fast medium,Bowler
Rajasthan Royals Squad,Trent Boult,Trent Alexander Boult,Right hand Bat,Left arm Fast medium,Bowler
Rajasthan Royals Squad,Avesh Khan,Avesh Khan,Right hand Bat,Right arm Fast medium,Bowler
Rajasthan Royals Squad,Tanush Kotian,Tanush Karunakar Kotian,Right hand Bat,Right arm Offbreak,Bowling Allrounder
Rajasthan Royals Squad,Donovan Ferreira,Donovan Ferreira,Right hand Bat,Right arm Offbreak,Wicketkeeper
Rajasthan Royals Squad,Ravichandran Ashwin,Ravichandran Ashwin,Right hand Bat,Right arm Offbreak,Bowling Allrounder
Rajasthan Royals Squad,Abid Mushtaq,Abid Mushtaq Mangnoo,Left hand Bat,Slow Left arm Orthodox,Allrounder
Rajasthan Royals Squad,Kunal Singh Rathore,Kunal Singh Rathore,Left hand Bat,Wicketkeeper,Wicketkeeper Batter
Rajasthan Royals Squad,Rovman Powell,Rovman Powell,Right hand Bat,Right arm Medium fast,Middle order Batter
Rajasthan Royals Squad,Riyan Parag,Riyan Parag,Right hand Bat,"Right arm Offbreak, Legbreak",Top order Batter
Rajasthan Royals Squad,Tom Kohler-Cadmore,Tom Kohler-Cadmore,Right hand Bat,Right arm Offbreak,Wicketkeeper
Rajasthan Royals Squad,Dhruv Jurel,Dhruv Chand Jurel,Right hand Bat,Wicketkeeper,Wicketkeeper Batter
Rajasthan Royals Squad,Yashasvi Jaiswal,Yashasvi Bhupendra Kumar Jaiswal,Left hand Bat,Legbreak,Opening Batter
Rajasthan Royals Squad,Shimron Hetmyer,Shimron Odilon Hetmyer,Left hand Bat,,Middle order Batter
Rajasthan Royals Squad,Shubham Dubey,Shubham Badriprasad Dubey,Left hand Bat,Right arm Offbreak,Middle order Batter
Rajasthan Royals Squad,Jos Buttler,Joseph Charles Buttler,Right hand Bat,Wicketkeeper,Wicketkeeper Batter
Rajasthan Royals Squad,Sanju Samson,Sanju Viswanath Samson,Right hand Bat,Wicketkeeper,Wicketkeeper Batter
Punjab Kings Squad,Vishwanath Pratap Singh,Vishwanath Pratap Singh,Right hand Bat,Right arm Offbreak,
Punjab Kings Squad,Prince Choudhary,Prince Choudhary,Right hand Bat,Legbreak,
Punjab Kings Squad,Kagiso Rabada,Kagiso Rabada,Left hand Bat,Right arm Fast,Bowler
Punjab Kings Squad,Tanay Thyagarajan,Tanay Thyagarajan,Left hand Bat,Slow Left arm Orthodox,Bowler
Punjab Kings Squad,Harshal Patel,Harshal Vikram Patel,Right hand Bat,Right arm Medium,Bowler
Punjab Kings Squad,Vidwath Kaverappa,Vidwath Kaverappa,Right hand Bat,Right arm Fast medium,Bowler
Punjab Kings Squad,Harpreet Brar,Harpreet Brar,Left hand Bat,Slow Left arm Orthodox,Bowler
Punjab Kings Squad,Nathan Ellis,Nathan Ellis,Right hand Bat,Right arm Fast medium,Bowler
Punjab Kings Squad,Rahul Chahar,Rahul Desraj Chahar,Right hand Bat,Legbreak Googly,Bowler
Punjab Kings Squad,Arshdeep Singh,Arshdeep Singh,Left hand Bat,Left arm Medium fast,Bowler
Punjab Kings Squad,Chris Woakes,Christopher Roger Woakes,Right hand Bat,Right arm Fast medium,Allrounder
Punjab Kings Squad,Liam Livingstone,Liam Stephen Livingstone,Right hand Bat,"Right arm Offbreak, Legbreak",Batting Allrounder
Punjab Kings Squad,Sam Curran,Samuel Matthew Curran,Left hand Bat,Left arm Medium fast,Allrounder
Punjab Kings Squad,Atharva Taide,Atharva Taide,Left hand Bat,Slow Left arm Orthodox,Batting Allrounder
Punjab Kings Squad,Sikandar Raza,Sikandar Raza Butt,Right hand Bat,"Right arm Offbreak, Legbreak",Batting Allrounder
Punjab Kings Squad,Shivam Singh,Shivam Singh,Right hand Bat,Right arm Offbreak,Allrounder
Punjab Kings Squad,Shashank Singh,Shashank Singh,Right hand Bat,"Right arm Medium, Right arm Offbreak",Batting Allrounder
Punjab Kings Squad,Ashutosh Sharma,Ashutosh Rambabu Sharma,Right hand Bat,,Batting Allrounder
Punjab Kings Squad,Rishi Dhawan,Rishi Dhawan,Right hand Bat,Right arm Medium fast,Allrounder
Punjab Kings Squad,Jonny Bairstow,Jonathan Marc Bairstow,Bluey,Right hand Bat,Right arm Medium
Punjab Kings Squad,Jitesh Sharma,Jitesh Mohan Sharma,Right hand Bat,Wicketkeeper,Wicketkeeper Batter
Punjab Kings Squad,Rilee Rossouw,Rilee Roscoe Rossouw,Left hand Bat,Right arm Offbreak,Top order Batter
Punjab Kings Squad,Prabhsimran Singh,Prabhsimran Singh,Right hand Bat,Wicketkeeper,Wicketkeeper Batter
Punjab Kings Squad,Harpreet Singh,Harpreet Singh Bhatia,Left hand Bat,Right arm Medium,Batter
Punjab Kings Squad,Shikhar Dhawan,Shikhar Dhawan,Left hand Bat,Right arm Offbreak,Opening Batter
Mumbai Indians Squad,Dilshan Madushanka,Lokumarakkalage Dilshan Madushanka,Right hand Bat,Left arm Fast medium,Bowler
Mumbai Indians Squad,Jason Behrendorff,Jason Paul Behrendorff,Right hand Bat,Left arm Fast medium,Bowler
Mumbai Indians Squad,Luke Wood,Luke Wood,Left hand Bat,Left arm Fast medium,Bowler
Mumbai Indians Squad,Nuwan Thushara,Ilandari Dewage Nuwan Thushara,Right hand Bat,Right arm Medium fast,Bowler
Mumbai Indians Squad,Arjun Tendulkar,Arjun Sachin Tendulkar,Left hand Bat,Left arm Medium fast,Bowler
Mumbai Indians Squad,Kwena Maphaka,Kwena Tshegofatso Maphaka,Left hand Bat,Left arm Fast,Bowler
Mumbai Indians Squad,Akash Madhwal,Akash Madhwal,Right hand Bat,Right arm Medium fast,Bowler
Mumbai Indians Squad,Kumar Kartikeya,Kumar Kartikeya Singh,Right hand Bat,"Slow Left arm Orthodox, Left arm Wrist spin",Bowler
Mumbai Indians Squad,Gerald Coetzee,Gerald Coetzee,Right hand Bat,Right arm Fast,Bowler
Mumbai Indians Squad,Jasprit Bumrah,Jasprit Jasbirsingh Bumrah,Right hand Bat,Right arm Fast,Bowler
Mumbai Indians Squad,Tilak Varma,Namboori Thakur Tilak Varma,Left hand Bat,Right arm Offbreak,Batting Allrounder
Mumbai Indians Squad,Romario Shepherd,Romario Shepherd,Right hand Bat,Right arm Fast medium,Bowling Allrounder
Mumbai Indians Squad,Shams Mulani,Shams Zakir Mulani,Left hand Bat,Slow Left arm Orthodox,Allrounder
Mumbai Indians Squad,Mohammad Nabi,Mohammad Nabi,Right hand Bat,Right arm Offbreak,Allrounder
Mumbai Indians Squad,Anshul Kamboj,Anshul Kamboj,Right hand Bat,Right arm Medium,Allrounder
Mumbai Indians Squad,Shreyas Gopal,Shreyas Gopal,Right hand Bat,Legbreak,Allrounder
Mumbai Indians Squad,Piyush Chawla,Piyush Pramod Chawla,Left hand Bat,Legbreak,Bowling Allrounder
Mumbai Indians Squad,Dewald Brevis,Dewald Brevis,Right hand Bat,Legbreak,Batting Allrounder
Mumbai Indians Squad,Hardik Pandya,Hardik Himanshu Pandya,Right hand Bat,Right arm Medium fast,Allrounder
Mumbai Indians Squad,Vishnu Vinod,Vishnu Vinod,Right hand Bat,Wicketkeeper,Wicketkeeper Batter
Mumbai Indians Squad,Suryakumar Yadav,Suryakumar Ashok Yadav,Right hand Bat,"Right arm Medium, Right arm Offbreak",Batter
Mumbai Indians Squad,Nehal Wadhera,Nehal Wadhera,Left hand Bat,Legbreak,Top order Batter
Mumbai Indians Squad,Rohit Sharma,Rohit Gurunath Sharma,Right hand Bat,Right arm Offbreak,Top order Batter
Mumbai Indians Squad,Shivalik Sharma,Shivalik Sunil Sharma,Left hand Bat,Legbreak Googly,Batter
Mumbai Indians Squad,Naman Dhir,Naman Dhir,Right hand Bat,Right arm Offbreak,Top order Batter
Mumbai Indians Squad,Ishan Kishan,Ishan Pranav Kumar Pandey Kishan,Left hand Bat,"Right arm Offbreak, Legbreak",Wicketkeeper
Mumbai Indians Squad,Harvik Desai,Harvik Manishbhai Desai,Right hand Bat,Wicketkeeper Batter,
Mumbai Indians Squad,Tim David,Timothy Hays David,Right hand Bat,Right arm Offbreak,Middle order Batter
Lucknow Super Giants Squad,Mark Wood,Mark Andrew Wood,Right hand Bat,Right arm Fast,Bowler
Lucknow Super Giants Squad,Shivam Mavi,Shivam Pankaj Mavi,Right hand Bat,Right arm Fast medium,Bowler
Lucknow Super Giants Squad,Yudhvir Singh,Yudhvir Singh Charak,Right hand Bat,Right arm Medium fast,Bowler
Lucknow Super Giants Squad,Yash Thakur,Yash Ravisingh Thakur,Right hand Bat,Right arm Fast medium,Bowler
Lucknow Super Giants Squad,Mayank Yadav,Mayank Prabhu Yadav,Right hand Bat,Right arm Fast,Bowler
Lucknow Super Giants Squad,Manimaran Siddharth,Manimaran Siddharth,Right hand Bat,Slow Left arm Orthodox,Bowler
Lucknow Super Giants Squad,Ravi Bishnoi,Ravi Bishnoi,Right hand Bat,Legbreak Googly,Bowler
Lucknow Super Giants Squad,Naveen-ul-Haq,Naveen-ul-Haq Murid,Right hand Bat,Right arm Medium fast,Bowler
Lucknow Super Giants Squad,Mohsin Khan,Mohsin Khan,Left hand Bat,Left arm Medium fast,Bowler
Lucknow Super Giants Squad,Amit Mishra,Amit Mishra,Right hand Bat,Legbreak,Bowler
Lucknow Super Giants Squad,Shamar Joseph,Shamar Joseph,Left hand Bat,Right arm Fast,Bowler
Lucknow Super Giants Squad,Matt Henry,Matthew James Henry,Right hand Bat,Right arm Fast medium,Bowler
Lucknow Super Giants Squad,Arshad Khan,Mohd Arshad Khan,Left hand Bat,Left arm Fast medium,Bowler
Lucknow Super Giants Squad,David Willey,David Jonathan Willey,Left hand Bat,Left arm Fast medium,Bowling Allrounder
Lucknow Super Giants Squad,Marcus Stoinis,Marcus Peter Stoinis,Right hand Bat,Right arm Medium,Batting Allrounder
Lucknow Super Giants Squad,Krunal Pandya,Krunal Himanshu Pandya,Left hand Bat,Slow Left arm Orthodox,Allrounder
Lucknow Super Giants Squad,Kyle Mayers,Kyle Rico Mayers,Left hand Bat,Right arm Medium,Batting Allrounder
Lucknow Super Giants Squad,Prerak Mankad,Prerak Nileshkumar Mankad,Right hand Bat,Right arm Medium,Allrounder
Lucknow Super Giants Squad,Arshin Kulkarni,Arshin Atul Kulkarni,Right hand Bat,Right arm Medium,Allrounder
Lucknow Super Giants Squad,Deepak Hooda,Deepak Jagbir Hooda,Right hand Bat,Right arm Offbreak,Allrounder
Lucknow Super Giants Squad,Krishnappa Gowtham,Krishnappa Gowtham,Right hand Bat,Right arm Offbreak,Bowling Allrounder
Lucknow Super Giants Squad,Ashton Turner,Ashton James Turner,Right hand Bat,Right arm Offbreak,Middle order Batter
Lucknow Super Giants Squad,Nicholas Pooran,Nicholas Pooran,Left hand Bat,Right arm Offbreak,Wicketkeeper
Lucknow Super Giants Squad,Devdutt Padikkal,Devdutt Padikkal,Left hand Bat,Right arm Offbreak,Top order Batter
Lucknow Super Giants Squad,Quinton de Kock,Quinton de Kock,Left hand Bat,Wicketkeeper,Wicketkeeper Batter
Lucknow Super Giants Squad,Ayush Badoni,Ayush Badoni,Right hand Bat,Right arm Offbreak,Batter
Lucknow Super Giants Squad,KL Rahul,Kannaur Lokesh Rahul,Right hand Bat,Wicketkeeper,Wicketkeeper Batter
Kolkata Knight Riders Squad,Mujeeb Ur Rahman,Mujeeb Ur Rahman,Right hand Bat,Right arm Offbreak,Bowler
Kolkata Knight Riders Squad,Gus Atkinson,Angus Alexander Patrick Atkinson,Right hand Bat,Right arm Fast medium,Bowler
Kolkata Knight Riders Squad,Varun Chakravarthy,Varun Chakravarthy Vinod,Right hand Bat,Legbreak Googly,Bowler
Kolkata Knight Riders Squad,Suyash Sharma,Suyash Sharma,Right hand Bat,Legbreak Googly,Bowler
Kolkata Knight Riders Squad,Mitchell Starc,Mitchell Aaron Starc,Left hand Bat,Left arm Fast,Bowler
Kolkata Knight Riders Squad,Sakib Hussain,Sakib Hussain,Right hand Bat,Right arm Medium,Bowler
Kolkata Knight Riders Squad,Chetan Sakariya,Chetan Sakariya,Left hand Bat,Left arm Medium fast,Bowler
Kolkata Knight Riders Squad,Harshit Rana,Harshit Pradeep Rana,Right hand Bat,Right arm Fast,Bowler
Kolkata Knight Riders Squad,AM Ghazanfar,AM Ghazanfar,Right hand Bat,Right arm Offbreak,Bowler
Kolkata Knight Riders Squad,Dushmantha Chameera,Pathira Vasan Dushmantha Chameera,Right hand Bat,Right arm Fast,Bowler
Kolkata Knight Riders Squad,Vaibhav Arora,Vaibhav Gopal Arora,Right hand Bat,Right arm Fast medium,Bowler
Kolkata Knight Riders Squad,Andre Russell,Andre Dwayne Russell,Right hand Bat,Right arm Fast,Allrounder
Kolkata Knight Riders Squad,Anukul Roy,Anukul Sudhakar Roy,Left hand Bat,Slow Left arm Orthodox,Allrounder
Kolkata Knight Riders Squad,Sunil Narine,Sunil Philip Narine,Left hand Bat,Right arm Offbreak,Bowling Allrounder
Kolkata Knight Riders Squad,Venkatesh Iyer,Venkatesh Rajasekaran Iyer,Venkatesh Iyer,Left hand Bat,Right arm Medium
Kolkata Knight Riders Squad,Phil Salt,Philip Dean Salt,Right hand Bat,Right arm Offbreak,Wicketkeeper
Kolkata Knight Riders Squad,Jason Roy,Jason Jonathan Roy,Right hand Bat,,Opening Batter
Kolkata Knight Riders Squad,Rinku Singh,Rinku Khanchand Singh,Left hand Bat,Right arm Offbreak,Middle order Batter
Kolkata Knight Riders Squad,Sherfane Rutherford,Sherfane Eviston Rutherford,Left hand Bat,Right arm Fast medium,Middle order Batter
Kolkata Knight Riders Squad,Nitish Rana,Nitish Rana,Left hand Bat,"Right arm Medium, Right arm Offbreak, Legbreak",Middle order Batter
Kolkata Knight Riders Squad,Ramandeep Singh,Ramandeep Singh,Right hand Bat,Right arm Medium,Middle order Batter
Kolkata Knight Riders Squad,Rahmanullah Gurbaz,Rahmanullah Gurbaz,Right hand Bat,Right arm Medium,Wicketkeeper
Kolkata Knight Riders Squad,Angkrish Raghuvanshi,Angkrish Raghuvanshi,Right hand Bat,Slow Left arm Orthodox,Top order Batter
Kolkata Knight Riders Squad,Manish Pandey,Manish Krishnanand Pandey,Right hand Bat,Right arm Medium,Top order Batter
Kolkata Knight Riders Squad,Srikar Bharat,Kona Srikar Bharat,Right hand Bat,Wicketkeeper,Wicketkeeper Batter
Kolkata Knight Riders Squad,Shreyas Iyer,Shreyas Santosh Iyer,Right hand Bat,"Right arm Offbreak, Legbreak Googly",Top order Batter
Gujarat Titans Squad,Mohammed Shami,Mohammed Shami Ahmed,Right hand Bat,Right arm Fast,Bowler
Gujarat Titans Squad,Sushant Mishra,Sushant Samirkumar Mishra,Left hand Bat,Left arm Medium fast,Bowler
Gujarat Titans Squad,Umesh Yadav,Umeshkumar Tilak Yadav,Right hand Bat,Right arm Fast,Bowler
Gujarat Titans Squad,Jayant Yadav,Jayant Yadav,Right hand Bat,Right arm Offbreak,Bowler
Gujarat Titans Squad,Mohit Sharma,Mohit Mahipal Sharma,Right hand Bat,Right arm Medium,Bowler
Gujarat Titans Squad,Sandeep Warrier,Sankarankutty Sandeep Warrier,Right hand Bat,Right arm Medium,Bowler
Gujarat Titans Squad,Sai Kishore,Ravisrinivasan Sai Kishore,Left hand Bat,Slow Left arm Orthodox,Bowler
Gujarat Titans Squad,Noor Ahmad,Noor Ahmad Lakanwal,Right hand Bat,Left arm Wrist spin,Bowler
Gujarat Titans Squad,Darshan Nalkande,Darshan Girish Nalkande,Right hand Bat,Right arm Fast medium,Bowler
Gujarat Titans Squad,Josh Little,Joshua Brian Little,Right hand Bat,Left arm Fast medium,Bowler
Gujarat Titans Squad,Kartik Tyagi,Kartik Tyagi,Right hand Bat,Right arm Fast,Bowler
Gujarat Titans Squad,Spencer Johnson,Spencer Henry Johnson,Left hand Bat,Left arm Fast,Bowler
Gujarat Titans Squad,Gurnoor Brar,Gurnoor Brar,Left hand Bat,Right arm Fast,Bowler
Gujarat Titans Squad,Rahul Tewatia,Rahul Tewatia,Left hand Bat,Legbreak,Bowling Allrounder
Gujarat Titans Squad,Manav Suthar,Manav Jagdusakumar Suthar,Left hand Bat,Slow Left arm Orthodox,Bowling Allrounder
Gujarat Titans Squad,Vijay Shankar,Vijay Shankar,Right hand Bat,Right arm Medium,Allrounder
Gujarat Titans Squad,Rashid Khan,Rashid Khan Arman,Right hand Bat,Legbreak Googly,Bowling Allrounder
Gujarat Titans Squad,Abhinav Manohar,Abhinav Manohar,Right hand Bat,Legbreak Googly,Batting Allrounder
Gujarat Titans Squad,Azmatullah Omarzai,Azmatullah Omarzai,Right hand Bat,Right arm Medium fast,Allrounder
Gujarat Titans Squad,Robin Minz,Robin Minz,Left hand Bat,Slow Left arm Orthodox,Wicketkeeper
Gujarat Titans Squad,Kane Williamson,Kane Stuart Williamson,Right hand Bat,Right arm Offbreak,Top order Batter
Gujarat Titans Squad,Matthew Wade,Matthew Scott Wade,Left hand Bat,Right arm Medium,Wicketkeeper Batter
Gujarat Titans Squad,BR Sharath,Belur Ravi Sharath,Right hand Bat,Wicketkeeper,Wicketkeeper Batter
Gujarat Titans Squad,M Shahrukh Khan,Masood Shahrukh Khan,Right hand Bat,Right arm Offbreak,Batter
Gujarat Titans Squad,Sai Sudharsan,Bhardwaj Sai Sudharsan,Left hand Bat,Legbreak,Top order Batter
Gujarat Titans Squad,Wriddhiman Saha,Wriddhiman Prasanta Saha,Right hand Bat,Wicketkeeper,Wicketkeeper Batter
Gujarat Titans Squad,David Miller,David Andrew Miller,Left hand Bat,Right arm Offbreak,Middle order Batter
Gujarat Titans Squad,Shubman Gill,Shubman Gill,Right hand Bat,Right arm Offbreak,Opening Batter
Delhi Capitals Squad,Lungi Ngidi,Lungisani True-man Ngidi,Right hand Bat,Right arm Fast medium,Bowler
Delhi Capitals Squad,Lizaad Williams,Lizaad Buyron Williams,Left hand Bat,Right arm Medium fast,Bowler
Delhi Capitals Squad,Ishant Sharma,Ishant Sharma,Right hand Bat,Right arm Fast medium,Bowler
Delhi Capitals Squad,Jhye Richardson,Jhye Avon Richardson,Right hand Bat,Right arm Fast,Bowler
Delhi Capitals Squad,Rasikh Salam,Rasikh Salam Dar,Right hand Bat,Right arm Medium,Bowler
Delhi Capitals Squad,Vicky Ostwal,Vicky Kanhaiya Ostwal,Right hand Bat,Slow Left arm Orthodox,Bowler
Delhi Capitals Squad,Anrich Nortje,Anrich Arno Nortje,Right hand Bat,Right arm Fast,Bowler
Delhi Capitals Squad,Mukesh Kumar,Mukesh Kumar,Right hand Bat,Right arm Medium,Bowler
Delhi Capitals Squad,Kuldeep Yadav,Kuldeep Yadav,Left hand Bat,Left arm Wrist spin,Bowler
Delhi Capitals Squad,Praveen Dubey,Praveen Dubey,Right hand Bat,Legbreak Googly,Bowler
Delhi Capitals Squad,Khaleel Ahmed,Khaleel Khursheed Ahmed,Right hand Bat,Left arm Fast medium,Bowler
Delhi Capitals Squad,Sumit Kumar,Sumit Kumar,Right hand Bat,Right arm Medium fast,Allrounder
Delhi Capitals Squad,Axar Patel,Axar Rajeshbhai Patel,Akshar Patel,Left hand Bat,Slow Left arm Orthodox
Delhi Capitals Squad,Mitchell Marsh,Mitchell Ross Marsh,Right hand Bat,Right arm Medium,Allrounder
Delhi Capitals Squad,Lalit Yadav,Lalit Yadav,Right hand Bat,Right arm Offbreak,Allrounder
Delhi Capitals Squad,Harry Brook,Harry Cherrington Brook,Right hand Bat,Right arm Medium,Batter
Delhi Capitals Squad,David Warner,David Andrew Warner,Left hand Bat,Legbreak,Opening Batter
Delhi Capitals Squad,Tristan Stubbs,Tristan Stubbs,Right hand Bat,Right arm Offbreak,Wicketkeeper
Delhi Capitals Squad,Prithvi Shaw,Prithvi Pankaj Shaw,Right hand Bat,Right arm Offbreak,Opening Batter
Delhi Capitals Squad,Kumar Kushagra,Kumar Kushagra,Right hand Bat,Wicketkeeper,Wicketkeeper Batter
Delhi Capitals Squad,Shai Hope,Shai Diego Hope,Right hand Bat,Wicketkeeper,Wicketkeeper Batter
Delhi Capitals Squad,Jake Fraser-McGurk,Jake Fraser-McGurk,Right hand Bat,Legbreak Googly,Batter
Delhi Capitals Squad,Yash Dhull,Yash Vijay Dhull,Right hand Bat,Right arm Offbreak,Top order Batter
Delhi Capitals Squad,Swastik Chikara,Swastik Surender Chikara,Right hand Bat,Right arm Offbreak,Batter
Delhi Capitals Squad,Ricky Bhui,Ricky Kannakumar Bhui,Right hand Bat,Legbreak Googly,Top order Batter
Delhi Capitals Squad,Abishek Porel,Abishek Porel,Left hand Bat,Wicketkeeper,Wicketkeeper Batter
Delhi Capitals Squad,Rishabh Pant,Rishabh Rajendra Pant,Left hand Bat,Wicketkeeper,Wicketkeeper Batter
Chennai Super Kings Squad,Matheesha Pathirana,Matheesha Pathirana,Right hand Bat,Right arm Fast,Bowler
Chennai Super Kings Squad,Maheesh Theekshana,Morawakage Maheesh Theekshana,Right hand Bat,Right arm Offbreak,Bowler
Chennai Super Kings Squad,Shardul Thakur,Shardul Narendra Thakur,Right hand Bat,Right arm Medium,Bowler
Chennai Super Kings Squad,Prashant Solanki,Prashant Hitesh Solanki,Right hand Bat,Legbreak,Bowler
Chennai Super Kings Squad,Simarjeet Singh,Simarjeet Singh,Right hand Bat,Right arm Medium fast,Bowler
Chennai Super Kings Squad,Mustafizur Rahman,Mustafizur Rahman,Left hand Bat,Left arm Fast medium,Bowler
Chennai Super Kings Squad,Mukesh Choudhary,Mukesh Choudhary,Left hand Bat,Left arm Medium,Bowler
Chennai Super Kings Squad,Richard Gleeson,Richard James Gleeson,Right hand Bat,Right arm Fast medium,Bowler
Chennai Super Kings Squad,Tushar Deshpande,Tushar Uday Deshpande,Left hand Bat,Right arm Medium,Bowler
Chennai Super Kings Squad,Deepak Chahar,Deepak Lokandersingh Chahar,Right hand Bat,Right arm Medium,Bowler
Chennai Super Kings Squad,Nishant Sindhu,Nishant Sindhu,Left hand Bat,Slow Left arm Orthodox,Allrounder
Chennai Super Kings Squad,Mitchell Santner,Mitchell Josef Santner,Left hand Bat,Slow Left arm Orthodox,Bowling Allrounder
Chennai Super Kings Squad,Rachin Ravindra,Rachin Ravindra,Left hand Bat,Slow Left arm Orthodox,Batting Allrounder
Chennai Super Kings Squad,Daryl Mitchell,Daryl Joseph Mitchell,Right hand Bat,Right arm Medium,Batting Allrounder
Chennai Super Kings Squad,Ajay Mandal,Ajay Jadav Mandal,Left hand Bat,Slow Left arm Orthodox,Allrounder
Chennai Super Kings Squad,Ravindra Jadeja,Ravindrasinh Anirudhsinh Jadeja,Left hand Bat,Slow Left arm Orthodox,Allrounder
Chennai Super Kings Squad,Rajvardhan Hangargekar,Rajvardhan S Hangargekar,Right hand Bat,Right arm Fast medium,Bowling Allrounder
Chennai Super Kings Squad,Shivam Dube,Shivam Dube,Left hand Bat,Right arm Medium,Allrounder
Chennai Super Kings Squad,Moeen Ali,Moeen Munir Ali,Left hand Bat,Right arm Offbreak,Batting Allrounder
Chennai Super Kings Squad,Devon Conway,Devon Philip Conway,Left hand Bat,Right arm Medium,Occasional Wicketkeeper
Chennai Super Kings Squad,Sameer Rizvi,Sameer Rizvi,Right hand Bat,Right arm Offbreak,Batter
Chennai Super Kings Squad,Shaik Rasheed,Shaik Rasheed,Right hand Bat,Legbreak,Batter
Chennai Super Kings Squad,Ajinkya Rahane,Ajinkya Madhukar Rahane,Right hand Bat,Right arm Medium,Top order Batter
Chennai Super Kings Squad,MS Dhoni,Mahendra Singh Dhoni,Right hand Bat,Right arm Medium,Wicketkeeper Batter
Chennai Super Kings Squad,Aravelly Avanish,Aravelly Avanish,Left hand Bat,Wicketkeeper,Wicketkeeper Batter
Chennai Super Kings Squad,Ruturaj Gaikwad,Ruturaj Dashrat Gaikwad,Right hand Bat,Right arm Offbreak,Batter