match_id,bowling_team,bowler,overs,maidens,runs,wickets,economy,0s,4s,6s,no_of_wides,no_of_no_balls,match
1422119,Chennai Super Kings,DL Chahar,4.0,0,37,1,9.25,10,7,0,2,0,Chennai Super Kings vs Royal Challengers Bengaluru
1422119,Chennai Super Kings,M Theekshana,4.0,0,36,0,9.0,3,1,2,0,0,Chennai Super Kings vs Royal Challengers Bengaluru
1422119,Chennai Super Kings,Mustafizur Rahman,4.0,0,29,4,7.25,11,3,1,2,0,Chennai Super Kings vs Royal Challengers Bengaluru
1422119,Chennai Super Kings,RA Jadeja,4.0,0,21,0,5.25,7,1,0,0,0,Chennai Super Kings vs Royal Challengers Bengaluru
1422119,Chennai Super Kings,TU Deshpande,4.0,0,47,0,11.75,10,4,3,5,0,Chennai Super Kings vs Royal Challengers Bengaluru
1422119,Royal Challengers Bengaluru,AS Joseph,3.4,0,38,0,10.36,3,1,2,4,0,Royal Challengers Bengaluru vs Royal Challengers Bengaluru
1422119,Royal Challengers Bengaluru,C Green,3.0,0,27,2,9.0,5,1,1,3,0,Royal Challengers Bengaluru vs Royal Challengers Bengaluru
1422119,Royal Challengers Bengaluru,GJ Maxwell,1.0,0,7,0,7.0,4,0,1,0,0,Royal Challengers Bengaluru vs Royal Challengers Bengaluru
1422119,Royal Challengers Bengaluru,KV Sharma,2.0,0,24,1,12.0,4,0,3,0,0,Royal Challengers Bengaluru vs Royal Challengers Bengaluru
1422119,Royal Challengers Bengaluru,Mayank Dagar,2.0,0,6,0,3.0,6,0,0,0,0,Royal Challengers Bengaluru vs Royal Challengers Bengaluru
1422119,Royal Challengers Bengaluru,Mohammed Siraj,4.0,0,38,0,9.5,9,5,1,1,0,Royal Challengers Bengaluru vs Royal Challengers Bengaluru
1422119,Royal Challengers Bengaluru,Yash Dayal,3.0,0,28,1,9.33,8,3,1,0,0,Royal Challengers Bengaluru vs Royal Challengers Bengaluru
1422120,Delhi Capitals,AR Patel,4.0,0,25,0,6.25,4,1,0,0,0,Delhi Capitals vs Punjab Kings
1422120,Delhi Capitals,I Sharma,2.0,0,16,1,8.0,8,3,0,3,0,Delhi Capitals vs Punjab Kings
1422120,Delhi Capitals,KK Ahmed,4.0,0,43,2,10.75,7,8,0,0,0,Delhi Capitals vs Punjab Kings
1422120,Delhi Capitals,Kuldeep Yadav,4.0,0,20,2,5.0,6,1,0,0,0,Delhi Capitals vs Punjab Kings
1422120,Delhi Capitals,MR Marsh,4.0,0,52,0,13.0,5,5,3,1,0,Delhi Capitals vs Punjab Kings
1422120,Delhi Capitals,Sumit Kumar,1.2,0,19,0,14.25,2,2,1,2,0,Delhi Capitals vs Punjab Kings
1422120,Punjab Kings,Arshdeep Singh,4.0,0,28,2,7.0,15,2,2,2,0,Punjab Kings vs Punjab Kings
1422120,Punjab Kings,HV Patel,4.0,0,47,2,11.75,6,6,2,0,0,Punjab Kings vs Punjab Kings
1422120,Punjab Kings,Harpreet Brar,3.0,0,14,1,4.67,7,1,0,0,0,Punjab Kings vs Punjab Kings
1422120,Punjab Kings,K Rabada,4.0,0,36,1,9.0,10,1,4,1,0,Punjab Kings vs Punjab Kings
1422120,Punjab Kings,RD Chahar,4.0,0,33,1,8.25,6,3,1,0,0,Punjab Kings vs Punjab Kings
1422120,Punjab Kings,SM Curran,1.0,0,10,0,10.0,3,2,0,1,0,Punjab Kings vs Punjab Kings
1422121,Kolkata Knight Riders,AD Russell,2.0,0,25,2,12.5,3,4,1,0,0,Kolkata Knight Riders vs Sunrisers Hyderabad
1422121,Kolkata Knight Riders,CV Varun,4.0,0,55,1,13.75,8,1,7,0,0,Kolkata Knight Riders vs Sunrisers Hyderabad
1422121,Kolkata Knight Riders,Harshit Rana,4.0,0,33,3,8.25,12,3,2,0,0,Kolkata Knight Riders vs Sunrisers Hyderabad
1422121,Kolkata Knight Riders,MA Starc,4.0,0,53,0,13.25,8,3,4,2,0,Kolkata Knight Riders vs Sunrisers Hyderabad
1422121,Kolkata Knight Riders,SP Narine,4.0,0,19,1,4.75,8,0,0,0,0,Kolkata Knight Riders vs Sunrisers Hyderabad
1422121,Kolkata Knight Riders,Suyash Sharma,2.0,0,18,0,9.0,3,1,1,0,0,Kolkata Knight Riders vs Sunrisers Hyderabad
1422121,Sunrisers Hyderabad,B Kumar,4.1,0,51,0,12.24,7,4,3,2,0,Sunrisers Hyderabad vs Sunrisers Hyderabad
1422121,Sunrisers Hyderabad,M Jansen,3.0,0,40,0,13.33,5,1,4,1,0,Sunrisers Hyderabad vs Sunrisers Hyderabad
1422121,Sunrisers Hyderabad,M Markande,4.0,0,39,2,9.75,10,1,4,0,0,Sunrisers Hyderabad vs Sunrisers Hyderabad
1422121,Sunrisers Hyderabad,PJ Cummins,4.0,0,32,1,8.0,8,3,1,0,0,Sunrisers Hyderabad vs Sunrisers Hyderabad
1422121,Sunrisers Hyderabad,Shahbaz Ahmed,1.1,0,14,0,12.0,2,1,1,0,0,Sunrisers Hyderabad vs Sunrisers Hyderabad
1422121,Sunrisers Hyderabad,T Natarajan,4.0,0,32,3,8.0,9,3,1,3,0,Sunrisers Hyderabad vs Sunrisers Hyderabad
1422122,Lucknow Super Giants,A Badoni,1.0,0,6,0,6.0,1,0,0,0,0,Lucknow Super Giants vs Rajasthan Royals
1422122,Lucknow Super Giants,KH Pandya,4.0,0,19,0,4.75,5,0,0,0,0,Lucknow Super Giants vs Rajasthan Royals
1422122,Lucknow Super Giants,Mohsin Khan,4.0,0,45,1,11.25,8,4,3,1,0,Lucknow Super Giants vs Rajasthan Royals
1422122,Lucknow Super Giants,Naveen-ul-Haq,4.0,0,41,2,10.25,8,4,1,4,0,Lucknow Super Giants vs Rajasthan Royals
1422122,Lucknow Super Giants,Ravi Bishnoi,4.0,0,38,1,9.5,5,1,3,0,0,Lucknow Super Giants vs Rajasthan Royals
1422122,Lucknow Super Giants,Yash Thakur,3.1,0,43,0,13.58,3,1,4,1,0,Lucknow Super Giants vs Rajasthan Royals
1422122,Rajasthan Royals,Avesh Khan,3.0,0,21,0,7.0,4,0,1,1,0,Rajasthan Royals vs Rajasthan Royals
1422122,Rajasthan Royals,N Burger,3.0,0,30,1,10.0,7,3,2,0,0,Rajasthan Royals vs Rajasthan Royals
1422122,Rajasthan Royals,R Ashwin,4.0,0,35,1,8.75,4,1,1,1,0,Rajasthan Royals vs Rajasthan Royals
1422122,Rajasthan Royals,Sandeep Sharma,3.0,0,22,1,7.33,5,3,0,1,0,Rajasthan Royals vs Rajasthan Royals
1422122,Rajasthan Royals,TA Boult,4.0,0,35,2,8.75,12,4,2,0,0,Rajasthan Royals vs Rajasthan Royals
1422122,Rajasthan Royals,YS Chahal,3.0,0,25,1,8.33,6,0,2,1,0,Rajasthan Royals vs Rajasthan Royals
1422123,Gujarat Titans,Azmatullah Omarzai,3.0,0,27,2,9.0,10,4,1,2,0,Gujarat Titans vs Mumbai Indians
1422123,Gujarat Titans,MM Sharma,4.0,0,32,2,8.0,7,3,0,1,0,Gujarat Titans vs Mumbai Indians
1422123,Gujarat Titans,R Sai Kishore,4.0,0,24,1,6.0,9,1,1,0,0,Gujarat Titans vs Mumbai Indians
1422123,Gujarat Titans,Rashid Khan,4.0,0,23,0,5.75,11,1,1,0,0,Gujarat Titans vs Mumbai Indians
1422123,Gujarat Titans,SH Johnson,2.0,0,25,2,12.5,3,2,2,0,0,Gujarat Titans vs Mumbai Indians
1422123,Gujarat Titans,UT Yadav,3.0,0,31,2,10.33,9,4,2,0,0,Gujarat Titans vs Mumbai Indians
1422123,Mumbai Indians,G Coetzee,4.0,0,27,2,6.75,5,2,0,0,0,Mumbai Indians vs Mumbai Indians
1422123,Mumbai Indians,HH Pandya,3.0,0,30,0,10.0,5,5,0,0,0,Mumbai Indians vs Mumbai Indians
1422123,Mumbai Indians,JJ Bumrah,4.0,0,14,3,3.5,13,1,0,0,0,Mumbai Indians vs Mumbai Indians
1422123,Mumbai Indians,L Wood,2.1,0,25,0,11.54,3,3,1,1,0,Mumbai Indians vs Mumbai Indians
1422123,Mumbai Indians,Naman Dhir,1.0,0,13,0,13.0,0,2,0,0,0,Mumbai Indians vs Mumbai Indians
1422123,Mumbai Indians,PP Chawla,3.0,0,31,1,10.33,4,0,2,1,0,Mumbai Indians vs Mumbai Indians
1422123,Mumbai Indians,SZ Mulani,3.0,0,24,0,8.0,6,1,1,1,0,Mumbai Indians vs Mumbai Indians
1422124,Punjab Kings,Arshdeep Singh,3.2,0,40,0,12.0,7,5,2,3,0,Punjab Kings vs Royal Challengers Bengaluru
1422124,Punjab Kings,HV Patel,4.0,0,45,1,11.25,6,4,2,3,0,Punjab Kings vs Royal Challengers Bengaluru
1422124,Punjab Kings,Harpreet Brar,4.0,0,13,2,3.25,9,0,0,0,0,Punjab Kings vs Royal Challengers Bengaluru
1422124,Punjab Kings,K Rabada,4.0,0,23,2,5.75,11,3,0,1,0,Punjab Kings vs Royal Challengers Bengaluru
1422124,Punjab Kings,RD Chahar,1.0,0,16,0,16.0,1,0,2,0,0,Punjab Kings vs Royal Challengers Bengaluru
1422124,Punjab Kings,SM Curran,3.0,0,30,1,10.0,7,6,0,0,0,Punjab Kings vs Royal Challengers Bengaluru
1422124,Royal Challengers Bengaluru,AS Joseph,4.0,0,43,1,10.75,8,4,2,2,0,Royal Challengers Bengaluru vs Royal Challengers Bengaluru
1422124,Royal Challengers Bengaluru,C Green,2.0,0,19,0,9.5,3,1,1,1,0,Royal Challengers Bengaluru vs Royal Challengers Bengaluru
1422124,Royal Challengers Bengaluru,GJ Maxwell,3.0,0,29,2,9.67,6,2,2,0,0,Royal Challengers Bengaluru vs Royal Challengers Bengaluru
1422124,Royal Challengers Bengaluru,Mayank Dagar,3.0,0,34,0,11.33,4,1,3,0,0,Royal Challengers Bengaluru vs Royal Challengers Bengaluru
1422124,Royal Challengers Bengaluru,Mohammed Siraj,4.0,0,26,2,6.5,11,4,0,0,0,Royal Challengers Bengaluru vs Royal Challengers Bengaluru
1422124,Royal Challengers Bengaluru,Yash Dayal,4.0,0,23,1,5.75,12,3,0,2,0,Royal Challengers Bengaluru vs Royal Challengers Bengaluru
1422125,Chennai Super Kings,DJ Mitchell,2.0,0,18,1,9.0,2,2,0,1,0,Chennai Super Kings vs Gujarat Titans
1422125,Chennai Super Kings,DL Chahar,4.0,0,28,2,7.0,11,2,1,3,0,Chennai Super Kings vs Gujarat Titans
1422125,Chennai Super Kings,M Pathirana,4.0,0,29,1,7.25,13,2,1,4,0,Chennai Super Kings vs Gujarat Titans
1422125,Chennai Super Kings,Mustafizur Rahman,4.0,0,30,2,7.5,9,5,0,0,0,Chennai Super Kings vs Gujarat Titans
1422125,Chennai Super Kings,RA Jadeja,2.0,0,15,0,7.5,2,1,0,0,0,Chennai Super Kings vs Gujarat Titans
1422125,Chennai Super Kings,TU Deshpande,4.0,0,21,2,5.25,11,1,1,0,0,Chennai Super Kings vs Gujarat Titans
1422125,Gujarat Titans,Azmatullah Omarzai,3.0,0,30,0,10.0,6,4,1,1,0,Gujarat Titans vs Gujarat Titans
1422125,Gujarat Titans,MM Sharma,4.0,0,36,1,9.0,4,2,1,1,0,Gujarat Titans vs Gujarat Titans
1422125,Gujarat Titans,R Sai Kishore,3.0,0,28,1,9.33,6,1,2,2,0,Gujarat Titans vs Gujarat Titans
1422125,Gujarat Titans,Rashid Khan,4.0,0,49,2,12.25,4,4,3,0,0,Gujarat Titans vs Gujarat Titans
1422125,Gujarat Titans,SH Johnson,4.0,0,35,1,8.75,8,3,2,0,0,Gujarat Titans vs Gujarat Titans
1422125,Gujarat Titans,UT Yadav,2.0,0,27,0,13.5,5,3,2,1,0,Gujarat Titans vs Gujarat Titans
1422126,Mumbai Indians,G Coetzee,4.1,0,57,1,13.68,2,4,3,2,0,Mumbai Indians vs Sunrisers Hyderabad
1422126,Mumbai Indians,HH Pandya,4.0,0,46,1,11.5,5,5,2,0,0,Mumbai Indians vs Sunrisers Hyderabad
1422126,Mumbai Indians,JJ Bumrah,4.1,0,36,0,8.64,4,2,1,1,0,Mumbai Indians vs Sunrisers Hyderabad
1422126,Mumbai Indians,KT Maphaka,4.0,0,66,0,16.5,6,7,5,3,0,Mumbai Indians vs Sunrisers Hyderabad
1422126,Mumbai Indians,PP Chawla,2.0,0,34,1,17.0,1,0,4,0,0,Mumbai Indians vs Sunrisers Hyderabad
1422126,Mumbai Indians,SZ Mulani,2.0,0,33,0,16.5,1,1,3,2,0,Mumbai Indians vs Sunrisers Hyderabad
1422126,Sunrisers Hyderabad,B Kumar,4.0,0,53,0,13.25,6,3,5,0,0,Sunrisers Hyderabad vs Sunrisers Hyderabad
1422126,Sunrisers Hyderabad,JD Unadkat,4.0,0,47,2,11.75,6,4,3,2,0,Sunrisers Hyderabad vs Sunrisers Hyderabad
1422126,Sunrisers Hyderabad,M Markande,4.1,0,52,0,12.48,5,3,4,1,0,Sunrisers Hyderabad vs Sunrisers Hyderabad
1422126,Sunrisers Hyderabad,PJ Cummins,4.0,0,35,2,8.75,7,1,2,1,0,Sunrisers Hyderabad vs Sunrisers Hyderabad
1422126,Sunrisers Hyderabad,Shahbaz Ahmed,3.0,0,39,1,13.0,4,1,4,0,0,Sunrisers Hyderabad vs Sunrisers Hyderabad
1422126,Sunrisers Hyderabad,Umran Malik,1.0,0,15,0,15.0,2,0,2,1,0,Sunrisers Hyderabad vs Sunrisers Hyderabad
1422127,Delhi Capitals,A Nortje,4.0,0,48,1,12.0,6,4,4,0,0,Delhi Capitals vs Rajasthan Royals
1422127,Delhi Capitals,AR Patel,4.0,0,21,1,5.25,6,1,0,0,0,Delhi Capitals vs Rajasthan Royals
1422127,Delhi Capitals,KK Ahmed,4.0,0,24,1,6.0,14,2,1,2,0,Delhi Capitals vs Rajasthan Royals
1422127,Delhi Capitals,Kuldeep Yadav,4.0,0,41,1,10.25,5,1,3,2,0,Delhi Capitals vs Rajasthan Royals
1422127,Delhi Capitals,Mukesh Kumar,4.0,0,49,1,12.25,8,7,2,1,0,Delhi Capitals vs Rajasthan Royals
1422127,Rajasthan Royals,Avesh Khan,4.0,0,29,1,7.25,8,4,0,1,0,Rajasthan Royals vs Rajasthan Royals
1422127,Rajasthan Royals,N Burger,3.0,0,29,2,9.67,8,5,1,0,0,Rajasthan Royals vs Rajasthan Royals
1422127,Rajasthan Royals,R Ashwin,3.0,0,30,0,10.0,4,1,2,1,0,Rajasthan Royals vs Rajasthan Royals
1422127,Rajasthan Royals,Sandeep Sharma,4.0,0,36,0,9.0,3,2,1,2,0,Rajasthan Royals vs Rajasthan Royals
1422127,Rajasthan Royals,TA Boult,3.0,0,29,0,9.67,8,3,2,0,0,Rajasthan Royals vs Rajasthan Royals
1422127,Rajasthan Royals,YS Chahal,3.0,0,19,2,6.33,7,0,1,0,0,Rajasthan Royals vs Rajasthan Royals
1422128,Kolkata Knight Riders,AD Russell,4.0,0,29,2,7.25,11,0,3,1,0,Kolkata Knight Riders vs Royal Challengers Bengaluru
1422128,Kolkata Knight Riders,AS Roy,2.0,0,6,0,3.0,7,0,0,0,0,Kolkata Knight Riders vs Royal Challengers Bengaluru
1422128,Kolkata Knight Riders,CV Varun,2.0,0,20,0,10.0,3,2,1,0,0,Kolkata Knight Riders vs Royal Challengers Bengaluru
1422128,Kolkata Knight Riders,Harshit Rana,4.0,0,39,2,9.75,6,2,2,1,0,Kolkata Knight Riders vs Royal Challengers Bengaluru
1422128,Kolkata Knight Riders,MA Starc,4.0,0,47,0,11.75,7,4,3,1,0,Kolkata Knight Riders vs Royal Challengers Bengaluru
1422128,Kolkata Knight Riders,SP Narine,4.0,0,40,1,10.0,6,3,2,0,0,Kolkata Knight Riders vs Royal Challengers Bengaluru
1422128,Royal Challengers Bengaluru,AS Joseph,2.0,0,34,0,17.0,5,2,4,0,0,Royal Challengers Bengaluru vs Royal Challengers Bengaluru
1422128,Royal Challengers Bengaluru,C Green,1.0,0,7,0,7.0,2,1,0,0,0,Royal Challengers Bengaluru vs Royal Challengers Bengaluru
1422128,Royal Challengers Bengaluru,Mayank Dagar,2.5,0,23,1,8.12,5,0,2,0,0,Royal Challengers Bengaluru vs Royal Challengers Bengaluru
1422128,Royal Challengers Bengaluru,Mohammed Siraj,3.0,0,46,0,15.33,3,1,5,2,0,Royal Challengers Bengaluru vs Royal Challengers Bengaluru
1422128,Royal Challengers Bengaluru,Vijaykumar Vyshak,4.0,0,23,1,5.75,6,1,0,0,0,Royal Challengers Bengaluru vs Royal Challengers Bengaluru
1422128,Royal Challengers Bengaluru,Yash Dayal,4.0,0,46,1,11.5,6,4,2,2,0,Royal Challengers Bengaluru vs Royal Challengers Bengaluru
1422129,Lucknow Super Giants,KH Pandya,3.0,0,26,0,8.67,5,1,2,0,0,Lucknow Super Giants vs Punjab Kings
1422129,Lucknow Super Giants,M Siddharth,2.0,0,21,0,10.5,5,3,1,0,0,Lucknow Super Giants vs Punjab Kings
1422129,Lucknow Super Giants,MP Yadav,4.0,0,27,3,6.75,11,3,1,0,0,Lucknow Super Giants vs Punjab Kings
1422129,Lucknow Super Giants,Mohsin Khan,4.0,0,34,2,8.5,10,3,2,1,0,Lucknow Super Giants vs Punjab Kings
1422129,Lucknow Super Giants,Naveen-ul-Haq,4.0,0,43,0,10.75,4,4,2,1,0,Lucknow Super Giants vs Punjab Kings
1422129,Lucknow Super Giants,Ravi Bishnoi,3.0,0,25,0,8.33,7,1,2,0,0,Lucknow Super Giants vs Punjab Kings
1422129,Punjab Kings,Arshdeep Singh,3.0,0,30,2,10.0,5,3,1,1,0,Punjab Kings vs Punjab Kings
1422129,Punjab Kings,HV Patel,4.0,0,45,0,11.25,5,5,1,4,0,Punjab Kings vs Punjab Kings
1422129,Punjab Kings,Harpreet Brar,2.0,0,14,0,7.0,4,0,1,0,0,Punjab Kings vs Punjab Kings
1422129,Punjab Kings,K Rabada,4.0,0,38,1,9.5,9,4,2,0,0,Punjab Kings vs Punjab Kings
1422129,Punjab Kings,RD Chahar,3.0,0,42,1,14.0,1,1,4,0,0,Punjab Kings vs Punjab Kings
1422129,Punjab Kings,SM Curran,4.0,0,28,3,7.0,10,2,1,0,0,Punjab Kings vs Punjab Kings
1422130,Gujarat Titans,Azmatullah Omarzai,3.0,0,24,1,8.0,8,4,0,1,0,Gujarat Titans vs Sunrisers Hyderabad
1422130,Gujarat Titans,DG Nalkande,2.0,0,18,0,9.0,2,0,1,1,0,Gujarat Titans vs Sunrisers Hyderabad
1422130,Gujarat Titans,MM Sharma,4.0,0,25,3,6.25,6,0,1,0,0,Gujarat Titans vs Sunrisers Hyderabad
1422130,Gujarat Titans,Noor Ahmad,4.0,0,32,1,8.0,10,2,2,0,0,Gujarat Titans vs Sunrisers Hyderabad
1422130,Gujarat Titans,Rashid Khan,4.0,0,33,1,8.25,7,1,2,0,0,Gujarat Titans vs Sunrisers Hyderabad
1422130,Gujarat Titans,UT Yadav,3.0,0,28,1,9.33,7,5,0,0,0,Gujarat Titans vs Sunrisers Hyderabad
1422130,Sunrisers Hyderabad,B Kumar,4.0,0,27,0,6.75,9,3,0,1,0,Sunrisers Hyderabad vs Sunrisers Hyderabad
1422130,Sunrisers Hyderabad,JD Unadkat,3.1,0,33,0,10.42,5,3,2,0,0,Sunrisers Hyderabad vs Sunrisers Hyderabad
1422130,Sunrisers Hyderabad,M Markande,3.0,0,33,1,11.0,4,2,2,2,0,Sunrisers Hyderabad vs Sunrisers Hyderabad
1422130,Sunrisers Hyderabad,PJ Cummins,4.0,0,28,1,7.0,7,3,0,1,0,Sunrisers Hyderabad vs Sunrisers Hyderabad
1422130,Sunrisers Hyderabad,Shahbaz Ahmed,2.0,0,20,1,10.0,2,0,2,0,0,Sunrisers Hyderabad vs Sunrisers Hyderabad
1422130,Sunrisers Hyderabad,Washington Sundar,3.0,0,27,0,9.0,1,2,0,0,0,Sunrisers Hyderabad vs Sunrisers Hyderabad
1422131,Chennai Super Kings,DL Chahar,4.0,0,42,0,10.5,9,3,3,0,0,Chennai Super Kings vs Delhi Capitals
1422131,Chennai Super Kings,M Pathirana,4.0,0,31,3,7.75,9,3,1,2,0,Chennai Super Kings vs Delhi Capitals
1422131,Chennai Super Kings,Mustafizur Rahman,4.2,0,46,1,10.62,3,6,1,1,0,Chennai Super Kings vs Delhi Capitals
1422131,Chennai Super Kings,RA Jadeja,4.0,0,43,1,10.75,5,1,4,0,0,Chennai Super Kings vs Delhi Capitals
1422131,Chennai Super Kings,TU Deshpande,4.0,0,24,0,6.0,12,3,0,2,0,Chennai Super Kings vs Delhi Capitals
1422131,Delhi Capitals,A Nortje,4.0,0,43,0,10.75,5,3,3,1,0,Delhi Capitals vs Delhi Capitals
1422131,Delhi Capitals,AR Patel,3.0,0,20,1,6.67,5,0,1,0,0,Delhi Capitals vs Delhi Capitals
1422131,Delhi Capitals,I Sharma,3.1,0,23,0,7.26,7,3,0,1,0,Delhi Capitals vs Delhi Capitals
1422131,Delhi Capitals,KK Ahmed,4.0,0,21,2,5.25,14,1,1,4,0,Delhi Capitals vs Delhi Capitals
1422131,Delhi Capitals,MR Marsh,1.0,0,14,0,14.0,0,2,0,1,0,Delhi Capitals vs Delhi Capitals
1422131,Delhi Capitals,Mukesh Kumar,3.0,0,21,3,7.0,8,3,0,1,0,Delhi Capitals vs Delhi Capitals
1422131,Delhi Capitals,Rasikh Salam,2.0,0,25,0,12.5,1,1,2,0,0,Delhi Capitals vs Delhi Capitals
1422132,Mumbai Indians,Akash Madhwal,4.0,0,20,3,5.0,8,1,0,1,0,Mumbai Indians vs Rajasthan Royals
1422132,Mumbai Indians,G Coetzee,2.3,0,36,0,14.4,4,5,2,0,0,Mumbai Indians vs Rajasthan Royals
1422132,Mumbai Indians,JJ Bumrah,4.0,0,26,0,6.5,15,3,0,5,0,Mumbai Indians vs Rajasthan Royals
1422132,Mumbai Indians,KT Maphaka,2.0,0,23,1,11.5,5,5,0,0,0,Mumbai Indians vs Rajasthan Royals
1422132,Mumbai Indians,PP Chawla,3.0,0,18,0,6.0,6,0,1,0,0,Mumbai Indians vs Rajasthan Royals
1422132,Rajasthan Royals,Avesh Khan,4.0,0,30,1,7.5,9,2,1,1,0,Rajasthan Royals vs Rajasthan Royals
1422132,Rajasthan Royals,N Burger,4.0,0,32,2,8.0,14,5,1,1,0,Rajasthan Royals vs Rajasthan Royals
1422132,Rajasthan Royals,R Ashwin,4.0,0,27,0,6.75,6,1,0,1,0,Rajasthan Royals vs Rajasthan Royals
1422132,Rajasthan Royals,TA Boult,4.0,0,22,3,5.5,13,1,1,1,0,Rajasthan Royals vs Rajasthan Royals
1422132,Rajasthan Royals,YS Chahal,4.0,0,11,3,2.75,16,1,0,0,0,Rajasthan Royals vs Rajasthan Royals
1422133,Lucknow Super Giants,KH Pandya,1.0,0,10,0,10.0,0,1,0,0,0,Lucknow Super Giants vs Royal Challengers Bengaluru
1422133,Lucknow Super Giants,M Siddharth,3.0,0,21,1,7.0,7,3,0,0,0,Lucknow Super Giants vs Royal Challengers Bengaluru
1422133,Lucknow Super Giants,MP Stoinis,1.0,0,9,1,9.0,3,0,0,1,0,Lucknow Super Giants vs Royal Challengers Bengaluru
1422133,Lucknow Super Giants,MP Yadav,4.0,0,14,3,3.5,16,2,0,0,0,Lucknow Super Giants vs Royal Challengers Bengaluru
1422133,Lucknow Super Giants,Naveen-ul-Haq,3.4,0,25,2,6.82,13,2,2,1,0,Lucknow Super Giants vs Royal Challengers Bengaluru
1422133,Lucknow Super Giants,Ravi Bishnoi,3.0,0,33,0,11.0,6,1,3,2,0,Lucknow Super Giants vs Royal Challengers Bengaluru
1422133,Lucknow Super Giants,Yash Thakur,4.0,0,38,1,9.5,6,2,3,0,0,Lucknow Super Giants vs Royal Challengers Bengaluru
1422133,Royal Challengers Bengaluru,C Green,2.0,0,25,0,12.5,3,2,2,0,0,Royal Challengers Bengaluru vs Royal Challengers Bengaluru
1422133,Royal Challengers Bengaluru,GJ Maxwell,4.0,0,23,2,5.75,12,0,2,1,0,Royal Challengers Bengaluru vs Royal Challengers Bengaluru
1422133,Royal Challengers Bengaluru,Mayank Dagar,2.0,0,23,0,11.5,2,1,1,1,0,Royal Challengers Bengaluru vs Royal Challengers Bengaluru
1422133,Royal Challengers Bengaluru,Mohammed Siraj,4.0,0,47,1,11.75,11,2,5,3,0,Royal Challengers Bengaluru vs Royal Challengers Bengaluru
1422133,Royal Challengers Bengaluru,RJW Topley,4.0,0,39,1,9.75,11,3,3,1,0,Royal Challengers Bengaluru vs Royal Challengers Bengaluru
1422133,Royal Challengers Bengaluru,Yash Dayal,4.0,0,24,1,6.0,12,2,1,0,0,Royal Challengers Bengaluru vs Royal Challengers Bengaluru
1422134,Delhi Capitals,A Nortje,4.0,0,59,3,14.75,6,5,4,2,0,Delhi Capitals vs Kolkata Knight Riders
1422134,Delhi Capitals,AR Patel,1.0,0,18,0,18.0,0,1,2,0,0,Delhi Capitals vs Kolkata Knight Riders
1422134,Delhi Capitals,I Sharma,3.0,0,43,2,14.33,5,5,3,0,0,Delhi Capitals vs Kolkata Knight Riders
1422134,Delhi Capitals,KK Ahmed,4.1,0,43,1,10.32,11,3,2,6,0,Delhi Capitals vs Kolkata Knight Riders
1422134,Delhi Capitals,MR Marsh,3.0,0,37,1,12.33,4,3,2,4,0,Delhi Capitals vs Kolkata Knight Riders
1422134,Delhi Capitals,Rasikh Salam,3.0,0,47,0,15.67,5,4,4,1,0,Delhi Capitals vs Kolkata Knight Riders
1422134,Delhi Capitals,Sumit Kumar,2.0,0,19,0,9.5,2,1,1,0,0,Delhi Capitals vs Kolkata Knight Riders
1422134,Kolkata Knight Riders,AD Russell,1.2,1,14,1,10.5,4,0,2,0,0,Kolkata Knight Riders vs Kolkata Knight Riders
1422134,Kolkata Knight Riders,CV Varun,4.1,0,32,3,7.68,9,2,2,2,0,Kolkata Knight Riders vs Kolkata Knight Riders
1422134,Kolkata Knight Riders,MA Starc,3.0,0,25,2,8.33,9,2,2,0,0,Kolkata Knight Riders vs Kolkata Knight Riders
1422134,Kolkata Knight Riders,SP Narine,4.0,0,29,1,7.25,11,0,3,0,0,Kolkata Knight Riders vs Kolkata Knight Riders
1422134,Kolkata Knight Riders,VG Arora,4.0,0,27,3,6.75,13,4,0,3,0,Kolkata Knight Riders vs Kolkata Knight Riders
1422134,Kolkata Knight Riders,VR Iyer,1.0,0,28,0,28.0,0,4,2,0,0,Kolkata Knight Riders vs Kolkata Knight Riders
1422135,Gujarat Titans,Azmatullah Omarzai,4.0,0,41,1,10.25,5,7,0,1,0,Gujarat Titans vs Punjab Kings
1422135,Gujarat Titans,DG Nalkande,0.5,0,6,1,7.2,2,1,0,1,0,Gujarat Titans vs Punjab Kings
1422135,Gujarat Titans,MM Sharma,4.0,0,38,1,9.5,5,2,2,0,0,Gujarat Titans vs Punjab Kings
1422135,Gujarat Titans,Noor Ahmad,4.0,0,32,2,8.0,9,2,1,2,0,Gujarat Titans vs Punjab Kings
1422135,Gujarat Titans,Rashid Khan,4.0,0,40,1,10.0,5,2,3,0,0,Gujarat Titans vs Punjab Kings
1422135,Gujarat Titans,UT Yadav,3.0,0,35,1,11.67,6,4,2,0,0,Gujarat Titans vs Punjab Kings
1422135,Punjab Kings,Arshdeep Singh,4.0,0,33,0,8.25,5,4,0,0,0,Punjab Kings vs Punjab Kings
1422135,Punjab Kings,HV Patel,4.0,0,44,1,11.0,3,2,2,3,0,Punjab Kings vs Punjab Kings
1422135,Punjab Kings,Harpreet Brar,4.0,0,33,1,8.25,10,3,1,0,0,Punjab Kings vs Punjab Kings
1422135,Punjab Kings,K Rabada,4.0,0,44,2,11.0,6,5,2,1,0,Punjab Kings vs Punjab Kings
1422135,Punjab Kings,SM Curran,2.0,0,18,0,9.0,3,3,0,0,0,Punjab Kings vs Punjab Kings
1422135,Punjab Kings,Sikandar Raza,2.0,0,22,0,11.0,2,4,0,0,0,Punjab Kings vs Punjab Kings
1422136,Chennai Super Kings,DL Chahar,3.1,0,32,1,10.11,9,2,3,0,0,Chennai Super Kings vs Sunrisers Hyderabad
1422136,Chennai Super Kings,M Theekshana,4.0,0,27,1,6.75,8,3,0,0,0,Chennai Super Kings vs Sunrisers Hyderabad
1422136,Chennai Super Kings,MM Ali,3.0,0,23,2,7.67,5,0,1,1,0,Chennai Super Kings vs Sunrisers Hyderabad
1422136,Chennai Super Kings,Mukesh Choudhary,1.1,0,27,0,23.14,2,2,3,0,0,Chennai Super Kings vs Sunrisers Hyderabad
1422136,Chennai Super Kings,R Ravindra,1.0,0,3,0,3.0,3,0,0,0,0,Chennai Super Kings vs Sunrisers Hyderabad
1422136,Chennai Super Kings,RA Jadeja,4.0,0,30,0,7.5,5,1,1,0,0,Chennai Super Kings vs Sunrisers Hyderabad
1422136,Chennai Super Kings,TU Deshpande,2.0,0,20,0,10.0,3,4,0,0,0,Chennai Super Kings vs Sunrisers Hyderabad
1422136,Sunrisers Hyderabad,Abhishek Sharma,1.0,0,7,0,7.0,2,1,0,0,0,Sunrisers Hyderabad vs Sunrisers Hyderabad
1422136,Sunrisers Hyderabad,B Kumar,4.0,0,28,1,7.0,11,3,1,0,0,Sunrisers Hyderabad vs Sunrisers Hyderabad
1422136,Sunrisers Hyderabad,JD Unadkat,4.0,0,29,1,7.25,7,3,0,1,0,Sunrisers Hyderabad vs Sunrisers Hyderabad
1422136,Sunrisers Hyderabad,M Markande,2.0,0,21,0,10.5,0,1,1,0,0,Sunrisers Hyderabad vs Sunrisers Hyderabad
1422136,Sunrisers Hyderabad,PJ Cummins,4.0,0,29,1,7.25,9,2,1,0,0,Sunrisers Hyderabad vs Sunrisers Hyderabad
1422136,Sunrisers Hyderabad,Shahbaz Ahmed,1.0,0,11,1,11.0,3,1,1,0,0,Sunrisers Hyderabad vs Sunrisers Hyderabad
1422136,Sunrisers Hyderabad,T Natarajan,4.0,0,39,1,9.75,6,3,2,0,0,Sunrisers Hyderabad vs Sunrisers Hyderabad
1422137,Rajasthan Royals,Avesh Khan,4.0,0,46,0,11.5,3,8,0,0,0,Rajasthan Royals vs Royal Challengers Bengaluru
1422137,Rajasthan Royals,N Burger,4.0,0,33,1,8.25,10,3,1,2,0,Rajasthan Royals vs Royal Challengers Bengaluru
1422137,Rajasthan Royals,R Ashwin,4.0,0,28,0,7.0,5,0,1,1,0,Rajasthan Royals vs Royal Challengers Bengaluru
1422137,Rajasthan Royals,R Parag,1.0,0,10,0,10.0,1,0,1,0,0,Rajasthan Royals vs Royal Challengers Bengaluru
1422137,Rajasthan Royals,TA Boult,3.0,0,30,0,10.0,4,2,2,1,0,Rajasthan Royals vs Royal Challengers Bengaluru
1422137,Rajasthan Royals,YS Chahal,4.0,0,34,2,8.5,8,1,2,1,0,Rajasthan Royals vs Royal Challengers Bengaluru
1422137,Royal Challengers Bengaluru,C Green,3.1,0,27,0,8.53,5,1,1,1,0,Royal Challengers Bengaluru vs Royal Challengers Bengaluru
1422137,Royal Challengers Bengaluru,H Sharma,2.0,0,29,0,14.5,0,3,1,0,0,Royal Challengers Bengaluru vs Royal Challengers Bengaluru
1422137,Royal Challengers Bengaluru,Mayank Dagar,2.0,0,34,0,17.0,4,5,2,0,0,Royal Challengers Bengaluru vs Royal Challengers Bengaluru
1422137,Royal Challengers Bengaluru,Mohammed Siraj,4.0,0,35,1,8.75,5,3,1,1,0,Royal Challengers Bengaluru vs Royal Challengers Bengaluru
1422137,Royal Challengers Bengaluru,RJW Topley,4.0,0,27,2,6.75,9,3,0,1,0,Royal Challengers Bengaluru vs Royal Challengers Bengaluru
1422137,Royal Challengers Bengaluru,Yash Dayal,4.0,0,37,1,9.25,10,5,1,0,0,Royal Challengers Bengaluru vs Royal Challengers Bengaluru
1422138,Delhi Capitals,A Nortje,4.1,0,65,2,15.6,7,4,6,3,0,Delhi Capitals vs Mumbai Indians
1422138,Delhi Capitals,AR Patel,4.0,0,35,2,8.75,8,3,2,0,0,Delhi Capitals vs Mumbai Indians
1422138,Delhi Capitals,I Sharma,3.0,0,40,0,13.33,5,4,1,4,0,Delhi Capitals vs Mumbai Indians
1422138,Delhi Capitals,JA Richardson,4.0,0,40,0,10.0,8,2,3,1,0,Delhi Capitals vs Mumbai Indians
1422138,Delhi Capitals,KK Ahmed,4.0,0,39,1,9.75,8,3,2,0,0,Delhi Capitals vs Mumbai Indians
1422138,Delhi Capitals,Lalit Yadav,1.0,0,15,0,15.0,1,3,0,0,0,Delhi Capitals vs Mumbai Indians
1422138,Mumbai Indians,Akash Madhwal,4.1,0,45,0,10.8,9,7,1,0,0,Mumbai Indians vs Mumbai Indians
1422138,Mumbai Indians,G Coetzee,4.0,0,34,4,8.5,10,3,2,0,0,Mumbai Indians vs Mumbai Indians
1422138,Mumbai Indians,JJ Bumrah,4.0,0,22,2,5.5,11,3,0,0,0,Mumbai Indians vs Mumbai Indians
1422138,Mumbai Indians,Mohammad Nabi,2.0,0,17,0,8.5,1,0,1,0,0,Mumbai Indians vs Mumbai Indians
1422138,Mumbai Indians,PP Chawla,2.0,0,32,0,16.0,2,2,3,0,0,Mumbai Indians vs Mumbai Indians
1422138,Mumbai Indians,R Shepherd,4.0,0,54,1,13.5,4,3,4,1,0,Mumbai Indians vs Mumbai Indians
1422139,Gujarat Titans,DG Nalkande,2.0,0,21,2,10.5,2,0,2,0,0,Gujarat Titans vs Lucknow Super Giants
1422139,Gujarat Titans,MM Sharma,3.0,0,34,0,11.33,2,4,1,0,0,Gujarat Titans vs Lucknow Super Giants
1422139,Gujarat Titans,Noor Ahmad,4.0,0,22,0,5.5,7,1,0,0,0,Gujarat Titans vs Lucknow Super Giants
1422139,Gujarat Titans,Rashid Khan,4.0,0,28,1,7.0,4,0,1,0,0,Gujarat Titans vs Lucknow Super Giants
1422139,Gujarat Titans,SH Johnson,4.0,0,32,0,8.0,11,4,1,1,0,Gujarat Titans vs Lucknow Super Giants
1422139,Gujarat Titans,UT Yadav,3.0,0,22,2,7.33,11,2,1,0,0,Gujarat Titans vs Lucknow Super Giants
1422139,Lucknow Super Giants,KH Pandya,4.0,0,11,3,2.75,13,0,0,0,0,Lucknow Super Giants vs Lucknow Super Giants
1422139,Lucknow Super Giants,M Siddharth,4.3,0,28,0,6.22,10,0,1,1,0,Lucknow Super Giants vs Lucknow Super Giants
1422139,Lucknow Super Giants,MP Yadav,1.0,0,13,0,13.0,2,3,0,0,0,Lucknow Super Giants vs Lucknow Super Giants
1422139,Lucknow Super Giants,Naveen-ul-Haq,4.1,0,37,1,8.88,7,3,1,1,0,Lucknow Super Giants vs Lucknow Super Giants
1422139,Lucknow Super Giants,Ravi Bishnoi,2.0,0,8,1,4.0,5,0,0,1,0,Lucknow Super Giants vs Lucknow Super Giants
1422139,Lucknow Super Giants,Yash Thakur,3.5,0,30,5,7.83,13,3,2,2,0,Lucknow Super Giants vs Lucknow Super Giants
1426260,Chennai Super Kings,M Theekshana,4.0,0,28,1,7.0,13,0,3,0,0,Chennai Super Kings vs Kolkata Knight Riders
1426260,Chennai Super Kings,Mustafizur Rahman,4.1,0,22,2,5.28,15,3,0,2,0,Chennai Super Kings vs Kolkata Knight Riders
1426260,Chennai Super Kings,R Ravindra,1.0,0,4,0,4.0,2,0,0,0,0,Chennai Super Kings vs Kolkata Knight Riders
1426260,Chennai Super Kings,RA Jadeja,4.0,0,18,3,4.5,11,1,0,1,0,Chennai Super Kings vs Kolkata Knight Riders
1426260,Chennai Super Kings,SN Thakur,3.1,0,27,0,8.53,3,3,0,1,0,Chennai Super Kings vs Kolkata Knight Riders
1426260,Chennai Super Kings,TU Deshpande,4.0,0,33,3,8.25,11,4,1,2,0,Chennai Super Kings vs Kolkata Knight Riders
1426260,Kolkata Knight Riders,AD Russell,1.0,0,8,0,8.0,2,1,0,1,0,Kolkata Knight Riders vs Kolkata Knight Riders
1426260,Kolkata Knight Riders,AS Roy,1.4,0,18,0,10.8,4,4,0,0,0,Kolkata Knight Riders vs Kolkata Knight Riders
1426260,Kolkata Knight Riders,CV Varun,4.0,0,26,0,6.5,10,0,2,0,0,Kolkata Knight Riders vs Kolkata Knight Riders
1426260,Kolkata Knight Riders,MA Starc,3.0,0,29,0,9.67,7,5,0,2,0,Kolkata Knight Riders vs Kolkata Knight Riders
1426260,Kolkata Knight Riders,SP Narine,4.0,0,30,1,7.5,5,1,1,0,0,Kolkata Knight Riders vs Kolkata Knight Riders
1426260,Kolkata Knight Riders,VG Arora,4.0,0,28,2,7.0,11,3,1,0,0,Kolkata Knight Riders vs Kolkata Knight Riders
1426261,Punjab Kings,Arshdeep Singh,4.0,0,29,4,7.25,12,3,1,2,0,Punjab Kings vs Sunrisers Hyderabad
1426261,Punjab Kings,HV Patel,4.0,0,30,2,7.5,8,4,0,1,0,Punjab Kings vs Sunrisers Hyderabad
1426261,Punjab Kings,Harpreet Brar,4.0,0,48,0,12.0,6,5,3,0,0,Punjab Kings vs Sunrisers Hyderabad
1426261,Punjab Kings,K Rabada,4.0,0,32,1,8.0,12,4,1,1,0,Punjab Kings vs Sunrisers Hyderabad
1426261,Punjab Kings,SM Curran,4.0,0,41,2,10.25,9,2,3,1,0,Punjab Kings vs Sunrisers Hyderabad
1426261,Sunrisers Hyderabad,B Kumar,4.0,0,32,2,8.0,12,6,0,2,0,Sunrisers Hyderabad vs Sunrisers Hyderabad
1426261,Sunrisers Hyderabad,JD Unadkat,4.0,0,49,1,12.25,7,0,5,3,0,Sunrisers Hyderabad vs Sunrisers Hyderabad
1426261,Sunrisers Hyderabad,Nithish Kumar Reddy,3.0,0,33,1,11.0,6,3,2,1,0,Sunrisers Hyderabad vs Sunrisers Hyderabad
1426261,Sunrisers Hyderabad,PJ Cummins,4.0,0,22,1,5.5,11,3,0,0,0,Sunrisers Hyderabad vs Sunrisers Hyderabad
1426261,Sunrisers Hyderabad,Shahbaz Ahmed,1.0,0,10,0,10.0,1,0,1,0,0,Sunrisers Hyderabad vs Sunrisers Hyderabad
1426261,Sunrisers Hyderabad,T Natarajan,4.0,0,33,1,8.25,8,5,0,0,0,Sunrisers Hyderabad vs Sunrisers Hyderabad
1426262,Gujarat Titans,MM Sharma,4.0,0,51,1,12.75,3,4,2,4,0,Gujarat Titans vs Rajasthan Royals
1426262,Gujarat Titans,Noor Ahmad,4.0,0,43,0,10.75,6,1,3,1,0,Gujarat Titans vs Rajasthan Royals
1426262,Gujarat Titans,Rashid Khan,4.0,0,18,1,4.5,10,1,0,0,0,Gujarat Titans vs Rajasthan Royals
1426262,Gujarat Titans,SH Johnson,4.0,0,37,0,9.25,6,4,1,0,0,Gujarat Titans vs Rajasthan Royals
1426262,Gujarat Titans,UT Yadav,4.0,0,47,1,11.75,9,6,2,2,0,Gujarat Titans vs Rajasthan Royals
1426262,Rajasthan Royals,Avesh Khan,4.0,0,48,1,12.0,3,4,2,2,0,Rajasthan Royals vs Rajasthan Royals
1426262,Rajasthan Royals,KA Maharaj,2.0,0,16,0,8.0,3,0,1,0,0,Rajasthan Royals vs Rajasthan Royals
1426262,Rajasthan Royals,KR Sen,4.1,0,41,3,9.84,6,5,0,4,0,Rajasthan Royals vs Rajasthan Royals
1426262,Rajasthan Royals,R Ashwin,4.0,0,40,0,10.0,3,4,1,0,0,Rajasthan Royals vs Rajasthan Royals
1426262,Rajasthan Royals,TA Boult,2.0,0,8,0,4.0,7,1,0,0,0,Rajasthan Royals vs Rajasthan Royals
1426262,Rajasthan Royals,YS Chahal,4.0,0,43,2,10.75,3,6,0,1,0,Rajasthan Royals vs Rajasthan Royals
1426263,Mumbai Indians,Akash Madhwal,4.0,0,57,1,14.25,7,9,2,3,0,Mumbai Indians vs Royal Challengers Bengaluru
1426263,Mumbai Indians,G Coetzee,4.0,0,42,1,10.5,13,1,5,3,0,Mumbai Indians vs Royal Challengers Bengaluru
1426263,Mumbai Indians,HH Pandya,1.0,0,13,0,13.0,2,0,1,2,0,Mumbai Indians vs Royal Challengers Bengaluru
1426263,Mumbai Indians,JJ Bumrah,4.0,0,21,5,5.25,12,1,1,0,0,Mumbai Indians vs Royal Challengers Bengaluru
1426263,Mumbai Indians,Mohammad Nabi,1.0,0,7,0,7.0,2,1,0,0,0,Mumbai Indians vs Royal Challengers Bengaluru
1426263,Mumbai Indians,R Shepherd,2.0,0,22,0,11.0,0,3,0,0,0,Mumbai Indians vs Royal Challengers Bengaluru
1426263,Mumbai Indians,S Gopal,4.0,0,32,1,8.0,7,0,2,0,0,Mumbai Indians vs Royal Challengers Bengaluru
1426263,Royal Challengers Bengaluru,Akash Deep,3.3,0,55,1,15.71,6,2,6,2,0,Royal Challengers Bengaluru vs Royal Challengers Bengaluru
1426263,Royal Challengers Bengaluru,GJ Maxwell,1.0,0,17,0,17.0,0,2,1,0,0,Royal Challengers Bengaluru vs Royal Challengers Bengaluru
1426263,Royal Challengers Bengaluru,Mohammed Siraj,3.0,0,37,0,12.33,7,2,4,0,0,Royal Challengers Bengaluru vs Royal Challengers Bengaluru
1426263,Royal Challengers Bengaluru,RJW Topley,3.0,0,34,0,11.33,8,6,1,1,0,Royal Challengers Bengaluru vs Royal Challengers Bengaluru
1426263,Royal Challengers Bengaluru,Vijaykumar Vyshak,3.0,0,32,1,10.67,6,3,2,0,0,Royal Challengers Bengaluru vs Royal Challengers Bengaluru
1426263,Royal Challengers Bengaluru,WG Jacks,2.0,0,24,1,12.0,2,3,1,0,0,Royal Challengers Bengaluru vs Royal Challengers Bengaluru
1426264,Delhi Capitals,AR Patel,4.0,0,26,0,6.5,6,2,0,0,0,Delhi Capitals vs Lucknow Super Giants
1426264,Delhi Capitals,I Sharma,4.0,0,36,1,9.0,6,4,0,4,0,Delhi Capitals vs Lucknow Super Giants
1426264,Delhi Capitals,KK Ahmed,4.0,0,41,2,10.25,10,5,2,1,0,Delhi Capitals vs Lucknow Super Giants
1426264,Delhi Capitals,Kuldeep Yadav,4.0,0,20,3,5.0,10,0,0,1,0,Delhi Capitals vs Lucknow Super Giants
1426264,Delhi Capitals,Mukesh Kumar,4.0,0,41,1,10.25,5,6,0,1,0,Delhi Capitals vs Lucknow Super Giants
1426264,Lucknow Super Giants,Arshad Khan,3.1,0,34,0,10.74,7,4,2,0,0,Lucknow Super Giants vs Lucknow Super Giants
1426264,Lucknow Super Giants,KH Pandya,3.0,0,45,0,15.0,3,2,3,3,0,Lucknow Super Giants vs Lucknow Super Giants
1426264,Lucknow Super Giants,MP Stoinis,1.0,0,10,0,10.0,2,2,0,0,0,Lucknow Super Giants vs Lucknow Super Giants
1426264,Lucknow Super Giants,Naveen-ul-Haq,3.0,0,24,1,8.0,5,3,0,0,0,Lucknow Super Giants vs Lucknow Super Giants
1426264,Lucknow Super Giants,Ravi Bishnoi,4.0,0,25,2,6.25,12,2,1,0,0,Lucknow Super Giants vs Lucknow Super Giants
1426264,Lucknow Super Giants,Yash Thakur,4.0,0,31,1,7.75,11,1,2,0,0,Lucknow Super Giants vs Lucknow Super Giants
1426265,Punjab Kings,Arshdeep Singh,3.5,0,45,1,11.74,8,3,3,1,0,Punjab Kings vs Rajasthan Royals
1426265,Punjab Kings,HV Patel,2.0,0,21,1,10.5,1,1,1,0,0,Punjab Kings vs Rajasthan Royals
1426265,Punjab Kings,Harpreet Brar,3.0,0,22,0,7.33,2,1,0,0,0,Punjab Kings vs Rajasthan Royals
1426265,Punjab Kings,K Rabada,4.0,0,18,2,4.5,14,2,0,0,0,Punjab Kings vs Rajasthan Royals
1426265,Punjab Kings,LS Livingstone,3.0,0,21,1,7.0,9,2,1,1,0,Punjab Kings vs Rajasthan Royals
1426265,Punjab Kings,SM Curran,4.0,0,25,2,6.25,9,3,0,1,0,Punjab Kings vs Rajasthan Royals
1426265,Rajasthan Royals,Avesh Khan,4.0,0,34,2,8.5,7,2,2,0,0,Rajasthan Royals vs Rajasthan Royals
1426265,Rajasthan Royals,KA Maharaj,4.0,0,23,2,5.75,8,2,0,0,0,Rajasthan Royals vs Rajasthan Royals
1426265,Rajasthan Royals,KR Sen,4.0,0,35,1,8.75,9,3,2,0,0,Rajasthan Royals vs Rajasthan Royals
1426265,Rajasthan Royals,TA Boult,4.0,0,22,1,5.5,11,2,0,2,0,Rajasthan Royals vs Rajasthan Royals
1426265,Rajasthan Royals,YS Chahal,4.1,0,31,1,7.44,5,0,2,2,0,Rajasthan Royals vs Rajasthan Royals
1426266,Kolkata Knight Riders,AD Russell,1.0,0,16,1,16.0,2,2,1,0,0,Kolkata Knight Riders vs Lucknow Super Giants
1426266,Kolkata Knight Riders,CV Varun,4.0,0,30,1,7.5,9,1,2,2,0,Kolkata Knight Riders vs Lucknow Super Giants
1426266,Kolkata Knight Riders,Harshit Rana,4.0,0,35,0,8.75,9,4,1,2,0,Kolkata Knight Riders vs Lucknow Super Giants
1426266,Kolkata Knight Riders,MA Starc,4.0,0,28,3,7.0,12,5,0,1,0,Kolkata Knight Riders vs Lucknow Super Giants
1426266,Kolkata Knight Riders,SP Narine,4.0,0,17,1,4.25,7,0,0,0,0,Kolkata Knight Riders vs Lucknow Super Giants
1426266,Kolkata Knight Riders,VG Arora,3.1,0,34,1,10.74,6,1,3,1,0,Kolkata Knight Riders vs Lucknow Super Giants
1426266,Lucknow Super Giants,Arshad Khan (2),2.0,0,24,0,12.0,4,5,0,1,0,Lucknow Super Giants vs Lucknow Super Giants
1426266,Lucknow Super Giants,KH Pandya,1.0,0,14,0,14.0,1,3,0,0,0,Lucknow Super Giants vs Lucknow Super Giants
1426266,Lucknow Super Giants,Mohsin Khan,4.0,0,29,2,7.25,12,2,2,1,0,Lucknow Super Giants vs Lucknow Super Giants
1426266,Lucknow Super Giants,Ravi Bishnoi,2.4,0,17,0,6.38,6,2,0,2,0,Lucknow Super Giants vs Lucknow Super Giants
1426266,Lucknow Super Giants,S Joseph,4.3,0,47,0,10.44,9,4,2,3,0,Lucknow Super Giants vs Lucknow Super Giants
1426266,Lucknow Super Giants,Yash Thakur,2.0,0,25,0,12.5,3,5,0,1,0,Lucknow Super Giants vs Lucknow Super Giants
1426267,Chennai Super Kings,M Pathirana,4.0,0,28,4,7.0,10,4,0,1,0,Chennai Super Kings vs Mumbai Indians
1426267,Chennai Super Kings,Mustafizur Rahman,4.0,0,55,1,13.75,5,4,4,3,0,Chennai Super Kings vs Mumbai Indians
1426267,Chennai Super Kings,RA Jadeja,4.0,0,37,0,9.25,8,5,1,0,0,Chennai Super Kings vs Mumbai Indians
1426267,Chennai Super Kings,SN Thakur,4.0,0,35,0,8.75,9,3,2,0,0,Chennai Super Kings vs Mumbai Indians
1426267,Chennai Super Kings,TU Deshpande,4.0,0,29,1,7.25,9,3,1,0,0,Chennai Super Kings vs Mumbai Indians
1426267,Mumbai Indians,Akash Madhwal,3.0,0,37,0,12.33,4,4,2,0,0,Mumbai Indians vs Mumbai Indians
1426267,Mumbai Indians,G Coetzee,4.0,0,35,1,8.75,11,4,2,1,0,Mumbai Indians vs Mumbai Indians
1426267,Mumbai Indians,HH Pandya,3.0,0,43,2,14.33,6,4,3,2,0,Mumbai Indians vs Mumbai Indians
1426267,Mumbai Indians,JJ Bumrah,4.0,0,27,0,6.75,8,2,0,2,0,Mumbai Indians vs Mumbai Indians
1426267,Mumbai Indians,Mohammad Nabi,3.0,0,19,0,6.33,7,1,1,0,0,Mumbai Indians vs Mumbai Indians
1426267,Mumbai Indians,R Shepherd,2.0,0,33,0,16.5,1,4,2,0,0,Mumbai Indians vs Mumbai Indians
1426267,Mumbai Indians,S Gopal,1.0,0,9,1,9.0,2,0,1,0,0,Mumbai Indians vs Mumbai Indians
1426268,Royal Challengers Bengaluru,LH Ferguson,4.0,0,52,2,13.0,6,2,6,0,0,Royal Challengers Bengaluru vs Sunrisers Hyderabad
1426268,Royal Challengers Bengaluru,MK Lomror,1.0,0,18,0,18.0,1,0,2,3,0,Royal Challengers Bengaluru vs Sunrisers Hyderabad
1426268,Royal Challengers Bengaluru,RJW Topley,4.0,0,68,1,17.0,3,6,5,2,0,Royal Challengers Bengaluru vs Sunrisers Hyderabad
1426268,Royal Challengers Bengaluru,Vijaykumar Vyshak,4.0,0,64,0,16.0,2,6,4,2,0,Royal Challengers Bengaluru vs Sunrisers Hyderabad
1426268,Royal Challengers Bengaluru,WG Jacks,3.0,0,32,0,10.67,5,2,2,1,0,Royal Challengers Bengaluru vs Sunrisers Hyderabad
1426268,Royal Challengers Bengaluru,Yash Dayal,4.1,0,51,0,12.24,5,3,3,3,0,Royal Challengers Bengaluru vs Sunrisers Hyderabad
1426268,Sunrisers Hyderabad,Abhishek Sharma,1.0,0,10,0,10.0,2,2,0,0,0,Sunrisers Hyderabad vs Sunrisers Hyderabad
1426268,Sunrisers Hyderabad,B Kumar,4.0,0,60,0,15.0,5,9,2,4,0,Sunrisers Hyderabad vs Sunrisers Hyderabad
1426268,Sunrisers Hyderabad,JD Unadkat,2.0,0,37,0,18.5,1,5,2,1,0,Sunrisers Hyderabad vs Sunrisers Hyderabad
1426268,Sunrisers Hyderabad,M Markande,4.0,0,46,2,11.5,5,1,4,3,0,Sunrisers Hyderabad vs Sunrisers Hyderabad
1426268,Sunrisers Hyderabad,PJ Cummins,4.0,0,43,3,10.75,10,4,3,1,0,Sunrisers Hyderabad vs Sunrisers Hyderabad
1426268,Sunrisers Hyderabad,Shahbaz Ahmed,1.0,0,18,0,18.0,1,1,2,0,0,Sunrisers Hyderabad vs Sunrisers Hyderabad
1426268,Sunrisers Hyderabad,T Natarajan,4.0,0,47,1,11.75,5,2,3,4,0,Sunrisers Hyderabad vs Sunrisers Hyderabad
1426269,Kolkata Knight Riders,AD Russell,1.0,0,17,0,17.0,0,0,2,0,0,Kolkata Knight Riders vs Rajasthan Royals
1426269,Kolkata Knight Riders,CV Varun,4.0,0,36,2,9.0,11,5,1,1,0,Kolkata Knight Riders vs Rajasthan Royals
1426269,Kolkata Knight Riders,Harshit Rana,4.0,0,45,2,11.25,6,3,3,1,0,Kolkata Knight Riders vs Rajasthan Royals
1426269,Kolkata Knight Riders,MA Starc,4.0,0,50,0,12.5,7,6,1,5,0,Kolkata Knight Riders vs Rajasthan Royals
1426269,Kolkata Knight Riders,SP Narine,4.0,0,30,2,7.5,11,1,2,2,0,Kolkata Knight Riders vs Rajasthan Royals
1426269,Kolkata Knight Riders,VG Arora,3.1,0,45,1,14.21,4,5,3,0,0,Kolkata Knight Riders vs Rajasthan Royals
1426269,Rajasthan Royals,Avesh Khan,4.0,0,35,2,8.75,9,5,1,1,0,Rajasthan Royals vs Rajasthan Royals
1426269,Rajasthan Royals,KR Sen,4.0,0,46,2,11.5,7,6,2,2,0,Rajasthan Royals vs Rajasthan Royals
1426269,Rajasthan Royals,R Ashwin,4.0,0,49,0,12.25,8,4,2,5,0,Rajasthan Royals vs Rajasthan Royals
1426269,Rajasthan Royals,TA Boult,4.0,0,31,1,7.75,11,5,0,0,0,Rajasthan Royals vs Rajasthan Royals
1426269,Rajasthan Royals,YS Chahal,4.0,0,54,1,13.5,4,4,4,1,0,Rajasthan Royals vs Rajasthan Royals
1426270,Delhi Capitals,AR Patel,4.0,0,17,1,4.25,13,1,0,1,0,Delhi Capitals vs Gujarat Titans
1426270,Delhi Capitals,I Sharma,2.0,0,8,2,4.0,9,1,0,1,0,Delhi Capitals vs Gujarat Titans
1426270,Delhi Capitals,KK Ahmed,4.0,1,18,1,4.5,14,3,0,1,0,Delhi Capitals vs Gujarat Titans
1426270,Delhi Capitals,Kuldeep Yadav,4.0,0,16,0,4.0,12,0,1,0,0,Delhi Capitals vs Gujarat Titans
1426270,Delhi Capitals,Mukesh Kumar,2.5,0,14,3,4.94,8,1,0,1,0,Delhi Capitals vs Gujarat Titans
1426270,Delhi Capitals,T Stubbs,1.0,0,11,2,11.0,3,2,0,1,0,Delhi Capitals vs Gujarat Titans
1426270,Gujarat Titans,Noor Ahmad,1.5,0,14,0,7.64,5,3,0,0,0,Gujarat Titans vs Gujarat Titans
1426270,Gujarat Titans,Rashid Khan,2.0,0,12,1,6.0,6,0,1,0,0,Gujarat Titans vs Gujarat Titans
1426270,Gujarat Titans,S Sandeep Warrier,3.0,0,40,2,13.33,6,3,4,0,0,Gujarat Titans vs Gujarat Titans
1426270,Gujarat Titans,SH Johnson,2.0,0,22,1,11.0,6,3,1,2,0,Gujarat Titans vs Gujarat Titans
1426271,Mumbai Indians,Akash Madhwal,3.2,0,46,1,13.8,5,2,4,4,0,Mumbai Indians vs Punjab Kings
1426271,Mumbai Indians,G Coetzee,4.0,0,32,3,8.0,11,5,0,2,0,Mumbai Indians vs Punjab Kings
1426271,Mumbai Indians,HH Pandya,4.0,0,33,1,8.25,9,1,2,3,0,Mumbai Indians vs Punjab Kings
1426271,Mumbai Indians,JJ Bumrah,4.1,0,21,3,5.04,13,1,1,1,0,Mumbai Indians vs Punjab Kings
1426271,Mumbai Indians,R Shepherd,2.0,0,20,0,10.0,5,1,2,0,0,Mumbai Indians vs Punjab Kings
1426271,Mumbai Indians,S Gopal,2.0,0,26,1,13.0,1,0,3,0,0,Mumbai Indians vs Punjab Kings
1426271,Punjab Kings,Arshdeep Singh,3.0,0,35,0,11.67,4,5,1,1,0,Punjab Kings vs Punjab Kings
1426271,Punjab Kings,HV Patel,4.0,0,31,3,7.75,8,1,2,2,0,Punjab Kings vs Punjab Kings
1426271,Punjab Kings,Harpreet Brar,3.0,0,21,0,7.0,3,1,0,0,0,Punjab Kings vs Punjab Kings
1426271,Punjab Kings,K Rabada,4.0,0,42,1,10.5,6,3,3,0,0,Punjab Kings vs Punjab Kings
1426271,Punjab Kings,LS Livingstone,2.0,0,16,0,8.0,4,1,1,0,0,Punjab Kings vs Punjab Kings
1426271,Punjab Kings,SM Curran,4.0,0,41,2,10.25,9,3,3,2,0,Punjab Kings vs Punjab Kings
1426272,Chennai Super Kings,DL Chahar,3.0,0,26,0,8.67,8,2,2,0,0,Chennai Super Kings vs Lucknow Super Giants
1426272,Chennai Super Kings,M Pathirana,4.0,0,29,1,7.25,7,0,2,2,0,Chennai Super Kings vs Lucknow Super Giants
1426272,Chennai Super Kings,MM Ali,1.0,0,5,0,5.0,2,0,0,0,0,Chennai Super Kings vs Lucknow Super Giants
1426272,Chennai Super Kings,Mustafizur Rahman,4.0,0,43,1,10.75,5,7,0,2,0,Chennai Super Kings vs Lucknow Super Giants
1426272,Chennai Super Kings,RA Jadeja,3.0,0,32,0,10.67,1,4,0,1,0,Chennai Super Kings vs Lucknow Super Giants
1426272,Chennai Super Kings,TU Deshpande,4.1,0,42,0,10.08,8,5,1,4,0,Chennai Super Kings vs Lucknow Super Giants
1426272,Lucknow Super Giants,KH Pandya,3.0,0,16,2,5.33,6,1,0,0,0,Lucknow Super Giants vs Lucknow Super Giants
1426272,Lucknow Super Giants,MJ Henry,3.0,0,26,0,8.67,6,2,1,0,0,Lucknow Super Giants vs Lucknow Super Giants
1426272,Lucknow Super Giants,MP Stoinis,2.0,0,7,1,3.5,6,0,0,0,0,Lucknow Super Giants vs Lucknow Super Giants
1426272,Lucknow Super Giants,Mohsin Khan,4.0,0,37,1,9.25,7,2,2,3,0,Lucknow Super Giants vs Lucknow Super Giants
1426272,Lucknow Super Giants,Ravi Bishnoi,4.0,0,44,1,11.0,6,3,3,0,0,Lucknow Super Giants vs Lucknow Super Giants
1426272,Lucknow Super Giants,Yash Thakur,4.0,0,45,1,11.25,5,6,1,0,0,Lucknow Super Giants vs Lucknow Super Giants
1426273,Delhi Capitals,A Nortje,3.0,0,31,0,10.33,6,4,1,1,0,Delhi Capitals vs Sunrisers Hyderabad
1426273,Delhi Capitals,AR Patel,4.0,0,29,1,7.25,4,1,1,0,0,Delhi Capitals vs Sunrisers Hyderabad
1426273,Delhi Capitals,KK Ahmed,3.0,0,51,0,17.0,3,4,5,0,0,Delhi Capitals vs Sunrisers Hyderabad
1426273,Delhi Capitals,Kuldeep Yadav,4.0,0,55,4,13.75,8,0,7,2,0,Delhi Capitals vs Sunrisers Hyderabad
1426273,Delhi Capitals,Lalit Yadav,2.0,0,41,0,20.5,1,2,5,0,0,Delhi Capitals vs Sunrisers Hyderabad
1426273,Delhi Capitals,Mukesh Kumar,4.0,0,57,1,14.25,4,7,3,0,0,Delhi Capitals vs Sunrisers Hyderabad
1426273,Sunrisers Hyderabad,B Kumar,4.0,0,33,1,8.25,9,5,0,3,0,Sunrisers Hyderabad vs Sunrisers Hyderabad
1426273,Sunrisers Hyderabad,M Markande,2.0,0,26,2,13.0,3,0,3,2,0,Sunrisers Hyderabad vs Sunrisers Hyderabad
1426273,Sunrisers Hyderabad,Nithish Kumar Reddy,2.1,1,17,2,7.85,3,0,1,1,0,Sunrisers Hyderabad vs Sunrisers Hyderabad
1426273,Sunrisers Hyderabad,PJ Cummins,4.0,0,35,0,8.75,9,5,1,0,0,Sunrisers Hyderabad vs Sunrisers Hyderabad
1426273,Sunrisers Hyderabad,Shahbaz Ahmed,1.0,0,22,0,22.0,0,3,1,0,0,Sunrisers Hyderabad vs Sunrisers Hyderabad
1426273,Sunrisers Hyderabad,T Natarajan,4.0,1,19,4,4.75,14,2,0,1,0,Sunrisers Hyderabad vs Sunrisers Hyderabad
1426273,Sunrisers Hyderabad,Washington Sundar,2.0,0,46,1,23.0,2,7,3,0,0,Sunrisers Hyderabad vs Sunrisers Hyderabad
1426274,Kolkata Knight Riders,AD Russell,3.0,0,25,3,8.33,8,3,1,1,0,Kolkata Knight Riders vs Royal Challengers Bengaluru
1426274,Kolkata Knight Riders,CV Varun,4.0,0,36,1,9.0,11,5,1,0,0,Kolkata Knight Riders vs Royal Challengers Bengaluru
1426274,Kolkata Knight Riders,Harshit Rana,4.0,0,33,2,8.25,9,2,2,1,0,Kolkata Knight Riders vs Royal Challengers Bengaluru
1426274,Kolkata Knight Riders,MA Starc,3.0,0,55,1,18.33,5,2,7,1,0,Kolkata Knight Riders vs Royal Challengers Bengaluru
1426274,Kolkata Knight Riders,SP Narine,4.0,0,34,2,8.5,9,2,3,0,0,Kolkata Knight Riders vs Royal Challengers Bengaluru
1426274,Kolkata Knight Riders,Suyash Sharma,2.0,0,33,0,16.5,2,2,3,1,0,Kolkata Knight Riders vs Royal Challengers Bengaluru
1426274,Royal Challengers Bengaluru,C Green,4.0,0,35,2,8.75,8,6,0,2,0,Royal Challengers Bengaluru vs Royal Challengers Bengaluru
1426274,Royal Challengers Bengaluru,KV Sharma,4.0,0,33,0,8.25,6,3,1,0,0,Royal Challengers Bengaluru vs Royal Challengers Bengaluru
1426274,Royal Challengers Bengaluru,LH Ferguson,4.1,0,47,1,11.28,3,5,2,0,0,Royal Challengers Bengaluru vs Royal Challengers Bengaluru
1426274,Royal Challengers Bengaluru,Mohammed Siraj,4.0,0,40,1,10.0,9,4,3,2,0,Royal Challengers Bengaluru vs Royal Challengers Bengaluru
1426274,Royal Challengers Bengaluru,Yash Dayal,4.1,0,55,2,13.2,6,9,1,3,0,Royal Challengers Bengaluru vs Royal Challengers Bengaluru
1426275,Gujarat Titans,Azmatullah Omarzai,2.0,0,13,0,6.5,7,1,1,0,0,Gujarat Titans vs Punjab Kings
1426275,Gujarat Titans,M Shahrukh Khan,1.0,0,7,0,7.0,1,0,0,0,0,Gujarat Titans vs Punjab Kings
1426275,Gujarat Titans,MM Sharma,4.0,0,32,2,8.0,9,4,1,1,0,Gujarat Titans vs Punjab Kings
1426275,Gujarat Titans,Noor Ahmad,4.0,0,20,2,5.0,10,2,0,0,0,Gujarat Titans vs Punjab Kings
1426275,Gujarat Titans,R Sai Kishore,4.0,0,33,4,8.25,11,2,2,1,0,Gujarat Titans vs Punjab Kings
1426275,Gujarat Titans,Rashid Khan,4.0,0,15,1,3.75,11,0,0,0,0,Gujarat Titans vs Punjab Kings
1426275,Gujarat Titans,S Sandeep Warrier,1.1,0,21,0,18.0,2,3,1,0,0,Gujarat Titans vs Punjab Kings
1426275,Punjab Kings,Arshdeep Singh,2.1,0,17,1,7.85,3,2,0,0,0,Punjab Kings vs Punjab Kings
1426275,Punjab Kings,HV Patel,3.0,0,15,3,5.0,8,1,0,0,0,Punjab Kings vs Punjab Kings
1426275,Punjab Kings,Harpreet Brar,4.0,0,35,0,8.75,7,3,1,0,0,Punjab Kings vs Punjab Kings
1426275,Punjab Kings,K Rabada,4.0,0,40,0,10.0,8,6,1,0,0,Punjab Kings vs Punjab Kings
1426275,Punjab Kings,LS Livingstone,4.0,0,19,2,4.75,8,1,0,1,0,Punjab Kings vs Punjab Kings
1426275,Punjab Kings,SM Curran,2.0,0,18,1,9.0,4,3,0,0,0,Punjab Kings vs Punjab Kings
1426276,Mumbai Indians,G Coetzee,2.0,0,25,0,12.5,7,2,2,3,0,Mumbai Indians vs Rajasthan Royals
1426276,Mumbai Indians,HH Pandya,2.0,0,21,0,10.5,3,2,1,0,0,Mumbai Indians vs Rajasthan Royals
1426276,Mumbai Indians,JJ Bumrah,4.1,0,37,0,8.88,10,5,1,1,0,Mumbai Indians vs Rajasthan Royals
1426276,Mumbai Indians,Mohammad Nabi,3.0,0,30,0,10.0,5,1,3,0,0,Mumbai Indians vs Rajasthan Royals
1426276,Mumbai Indians,N Thushara,3.0,0,28,0,9.33,2,4,0,0,0,Mumbai Indians vs Rajasthan Royals
1426276,Mumbai Indians,PP Chawla,4.0,0,33,1,8.25,8,2,2,0,0,Mumbai Indians vs Rajasthan Royals
1426276,Mumbai Indians,Tilak Varma,0.4,0,8,0,12.0,0,1,0,0,0,Mumbai Indians vs Rajasthan Royals
1426276,Rajasthan Royals,Avesh Khan,4.0,0,49,1,12.25,7,4,3,3,0,Rajasthan Royals vs Rajasthan Royals
1426276,Rajasthan Royals,R Ashwin,4.0,0,31,0,7.75,4,1,1,1,0,Rajasthan Royals vs Rajasthan Royals
1426276,Rajasthan Royals,Sandeep Sharma,4.0,0,18,5,4.5,13,2,0,0,0,Rajasthan Royals vs Rajasthan Royals
1426276,Rajasthan Royals,TA Boult,4.0,0,32,2,8.0,9,3,1,3,0,Rajasthan Royals vs Rajasthan Royals
1426276,Rajasthan Royals,YS Chahal,4.0,0,48,1,12.0,6,4,3,1,0,Rajasthan Royals vs Rajasthan Royals
1426277,Chennai Super Kings,DL Chahar,2.0,0,11,1,5.5,7,2,0,0,0,Chennai Super Kings vs Lucknow Super Giants
1426277,Chennai Super Kings,M Pathirana,4.0,0,35,2,8.75,7,5,0,2,0,Chennai Super Kings vs Lucknow Super Giants
1426277,Chennai Super Kings,MM Ali,2.0,0,21,0,10.5,1,1,1,0,0,Chennai Super Kings vs Lucknow Super Giants
1426277,Chennai Super Kings,Mustafizur Rahman,3.4,0,51,1,13.91,8,5,4,0,0,Chennai Super Kings vs Lucknow Super Giants
1426277,Chennai Super Kings,RA Jadeja,2.1,0,16,0,7.38,2,0,1,0,0,Chennai Super Kings vs Lucknow Super Giants
1426277,Chennai Super Kings,SN Thakur,3.0,0,42,0,14.0,0,4,2,1,0,Chennai Super Kings vs Lucknow Super Giants
1426277,Chennai Super Kings,TU Deshpande,3.1,0,34,0,10.74,5,2,2,0,0,Chennai Super Kings vs Lucknow Super Giants
1426277,Lucknow Super Giants,KH Pandya,2.0,0,15,0,7.5,2,2,0,0,0,Lucknow Super Giants vs Lucknow Super Giants
1426277,Lucknow Super Giants,MJ Henry,4.0,0,28,1,7.0,9,3,0,0,0,Lucknow Super Giants vs Lucknow Super Giants
1426277,Lucknow Super Giants,MP Stoinis,4.0,0,49,0,12.25,4,3,3,1,0,Lucknow Super Giants vs Lucknow Super Giants
1426277,Lucknow Super Giants,Mohsin Khan,4.0,0,50,1,12.5,6,5,3,0,0,Lucknow Super Giants vs Lucknow Super Giants
1426277,Lucknow Super Giants,Ravi Bishnoi,2.0,0,19,0,9.5,2,3,0,0,0,Lucknow Super Giants vs Lucknow Super Giants
1426277,Lucknow Super Giants,Yash Thakur,4.0,0,47,1,11.75,9,3,4,1,0,Lucknow Super Giants vs Lucknow Super Giants
1426278,Delhi Capitals,A Nortje,3.0,0,48,1,16.0,6,5,4,0,0,Delhi Capitals vs Gujarat Titans
1426278,Delhi Capitals,AR Patel,3.0,0,28,1,9.33,4,2,1,0,0,Delhi Capitals vs Gujarat Titans
1426278,Delhi Capitals,KK Ahmed,2.0,0,26,0,13.0,2,3,1,1,0,Delhi Capitals vs Gujarat Titans
1426278,Delhi Capitals,Kuldeep Yadav,4.0,0,29,2,7.25,5,2,0,1,0,Delhi Capitals vs Gujarat Titans
1426278,Delhi Capitals,Mukesh Kumar,4.1,0,41,1,9.84,6,6,1,0,0,Delhi Capitals vs Gujarat Titans
1426278,Delhi Capitals,Rasikh Salam,4.0,0,44,3,11.0,8,4,3,1,0,Delhi Capitals vs Gujarat Titans
1426278,Gujarat Titans,Azmatullah Omarzai,4.0,0,33,0,8.25,10,5,1,0,0,Gujarat Titans vs Gujarat Titans
1426278,Gujarat Titans,M Shahrukh Khan,1.0,0,8,0,8.0,2,0,1,0,0,Gujarat Titans vs Gujarat Titans
1426278,Gujarat Titans,MM Sharma,4.0,0,73,0,18.25,2,4,7,1,0,Gujarat Titans vs Gujarat Titans
1426278,Gujarat Titans,Noor Ahmad,3.0,0,36,1,12.0,4,2,3,1,0,Gujarat Titans vs Gujarat Titans
1426278,Gujarat Titans,R Sai Kishore,1.0,0,22,0,22.0,0,2,2,0,0,Gujarat Titans vs Gujarat Titans
1426278,Gujarat Titans,Rashid Khan,4.0,0,35,0,8.75,8,4,1,0,0,Gujarat Titans vs Gujarat Titans
1426278,Gujarat Titans,S Sandeep Warrier,3.0,0,15,3,5.0,12,1,1,1,0,Gujarat Titans vs Gujarat Titans
1426279,Royal Challengers Bengaluru,C Green,2.0,0,12,2,6.0,7,2,0,1,0,Royal Challengers Bengaluru vs Sunrisers Hyderabad
1426279,Royal Challengers Bengaluru,KV Sharma,4.0,0,29,2,7.25,10,2,1,2,0,Royal Challengers Bengaluru vs Sunrisers Hyderabad
1426279,Royal Challengers Bengaluru,LH Ferguson,2.0,0,28,0,14.0,2,2,2,0,0,Royal Challengers Bengaluru vs Sunrisers Hyderabad
1426279,Royal Challengers Bengaluru,Mohammed Siraj,4.0,0,20,0,5.0,10,1,0,2,0,Royal Challengers Bengaluru vs Sunrisers Hyderabad
1426279,Royal Challengers Bengaluru,Swapnil Singh,3.1,0,40,2,12.63,3,1,4,0,0,Royal Challengers Bengaluru vs Sunrisers Hyderabad
1426279,Royal Challengers Bengaluru,WG Jacks,2.0,0,23,1,11.5,3,1,2,0,0,Royal Challengers Bengaluru vs Sunrisers Hyderabad
1426279,Royal Challengers Bengaluru,Yash Dayal,3.0,0,18,1,6.0,8,1,0,3,0,Royal Challengers Bengaluru vs Sunrisers Hyderabad
1426279,Sunrisers Hyderabad,Abhishek Sharma,1.0,0,10,0,10.0,0,1,0,0,0,Sunrisers Hyderabad vs Sunrisers Hyderabad
1426279,Sunrisers Hyderabad,B Kumar,1.0,0,14,0,14.0,1,3,0,0,0,Sunrisers Hyderabad vs Sunrisers Hyderabad
1426279,Sunrisers Hyderabad,JD Unadkat,4.0,0,30,3,7.5,4,2,0,2,0,Sunrisers Hyderabad vs Sunrisers Hyderabad
1426279,Sunrisers Hyderabad,M Markande,3.0,0,42,1,14.0,2,0,5,1,0,Sunrisers Hyderabad vs Sunrisers Hyderabad
1426279,Sunrisers Hyderabad,PJ Cummins,4.0,0,55,1,13.75,1,8,1,1,0,Sunrisers Hyderabad vs Sunrisers Hyderabad
1426279,Sunrisers Hyderabad,Shahbaz Ahmed,3.0,0,14,0,4.67,7,1,0,0,0,Sunrisers Hyderabad vs Sunrisers Hyderabad
1426279,Sunrisers Hyderabad,T Natarajan,4.0,0,39,2,9.75,6,3,2,1,0,Sunrisers Hyderabad vs Sunrisers Hyderabad
1426280,Kolkata Knight Riders,AD Russell,2.0,0,36,0,18.0,2,1,4,2,0,Kolkata Knight Riders vs Punjab Kings
1426280,Kolkata Knight Riders,AS Roy,2.0,0,36,0,18.0,2,5,2,0,0,Kolkata Knight Riders vs Punjab Kings
1426280,Kolkata Knight Riders,CV Varun,3.0,0,46,0,15.33,2,1,5,0,0,Kolkata Knight Riders vs Punjab Kings
1426280,Kolkata Knight Riders,Harshit Rana,4.0,0,61,0,15.25,4,3,6,1,0,Kolkata Knight Riders vs Punjab Kings
1426280,Kolkata Knight Riders,PVD Chameera,3.0,0,48,0,16.0,5,3,5,1,0,Kolkata Knight Riders vs Punjab Kings
1426280,Kolkata Knight Riders,Ramandeep Singh,0.4,0,9,0,13.5,0,0,1,0,0,Kolkata Knight Riders vs Punjab Kings
1426280,Kolkata Knight Riders,SP Narine,4.0,0,24,1,6.0,12,2,1,0,0,Kolkata Knight Riders vs Punjab Kings
1426280,Punjab Kings,Arshdeep Singh,4.0,0,45,2,11.25,10,3,3,5,0,Punjab Kings vs Punjab Kings
1426280,Punjab Kings,HV Patel,3.1,0,48,1,15.16,5,3,5,1,0,Punjab Kings vs Punjab Kings
1426280,Punjab Kings,Harpreet Brar,2.0,0,21,0,10.5,3,0,2,0,0,Punjab Kings vs Punjab Kings
1426280,Punjab Kings,K Rabada,3.0,0,52,0,17.33,2,7,2,4,0,Punjab Kings vs Punjab Kings
1426280,Punjab Kings,RD Chahar,4.0,0,33,1,8.25,8,4,1,0,0,Punjab Kings vs Punjab Kings
1426280,Punjab Kings,SM Curran,4.0,0,60,1,15.0,6,5,5,0,0,Punjab Kings vs Punjab Kings
1426281,Delhi Capitals,AR Patel,2.0,0,24,0,12.0,1,1,2,0,0,Delhi Capitals vs Mumbai Indians
1426281,Delhi Capitals,KK Ahmed,4.0,0,45,2,11.25,5,4,3,0,0,Delhi Capitals vs Mumbai Indians
1426281,Delhi Capitals,Kuldeep Yadav,3.0,0,47,0,15.67,2,5,3,1,0,Delhi Capitals vs Mumbai Indians
1426281,Delhi Capitals,LB Williams,3.1,0,34,0,10.74,6,4,0,3,0,Delhi Capitals vs Mumbai Indians
1426281,Delhi Capitals,Mukesh Kumar,4.0,0,59,3,14.75,5,5,5,0,0,Delhi Capitals vs Mumbai Indians
1426281,Delhi Capitals,Rasikh Salam,4.0,0,34,3,8.5,7,1,2,3,0,Delhi Capitals vs Mumbai Indians
1426281,Mumbai Indians,HH Pandya,2.0,0,41,0,20.5,4,3,4,0,0,Mumbai Indians vs Mumbai Indians
1426281,Mumbai Indians,JJ Bumrah,4.1,0,35,1,8.4,9,2,2,2,0,Mumbai Indians vs Mumbai Indians
1426281,Mumbai Indians,L Wood,4.0,0,68,1,17.0,5,9,4,0,0,Mumbai Indians vs Mumbai Indians
1426281,Mumbai Indians,Mohammad Nabi,2.0,0,20,1,10.0,2,0,2,0,0,Mumbai Indians vs Mumbai Indians
1426281,Mumbai Indians,N Thushara,4.0,0,56,0,14.0,3,6,3,2,0,Mumbai Indians vs Mumbai Indians
1426281,Mumbai Indians,PP Chawla,4.0,0,36,1,9.0,7,2,2,2,0,Mumbai Indians vs Mumbai Indians
1426282,Lucknow Super Giants,A Mishra,2.0,0,20,1,10.0,5,1,2,0,0,Lucknow Super Giants vs Rajasthan Royals
1426282,Lucknow Super Giants,KH Pandya,4.0,0,24,0,6.0,5,1,0,0,0,Lucknow Super Giants vs Rajasthan Royals
1426282,Lucknow Super Giants,MJ Henry,3.0,0,32,0,10.67,5,3,2,0,0,Lucknow Super Giants vs Rajasthan Royals
1426282,Lucknow Super Giants,MP Stoinis,1.0,0,3,1,3.0,3,0,0,0,0,Lucknow Super Giants vs Rajasthan Royals
1426282,Lucknow Super Giants,Mohsin Khan,4.0,0,52,0,13.0,5,5,3,0,0,Lucknow Super Giants vs Rajasthan Royals
1426282,Lucknow Super Giants,Ravi Bishnoi,1.0,0,16,0,16.0,1,2,1,0,0,Lucknow Super Giants vs Rajasthan Royals
1426282,Lucknow Super Giants,Yash Thakur,4.0,0,50,1,12.5,4,7,1,2,0,Lucknow Super Giants vs Rajasthan Royals
1426282,Rajasthan Royals,Avesh Khan,4.1,0,42,1,10.08,6,2,2,1,0,Rajasthan Royals vs Rajasthan Royals
1426282,Rajasthan Royals,R Ashwin,4.0,0,39,1,9.75,5,4,0,2,0,Rajasthan Royals vs Rajasthan Royals
1426282,Rajasthan Royals,Sandeep Sharma,4.0,0,31,2,7.75,7,3,0,1,0,Rajasthan Royals vs Rajasthan Royals
1426282,Rajasthan Royals,TA Boult,4.0,0,41,1,10.25,9,6,0,2,0,Rajasthan Royals vs Rajasthan Royals
1426282,Rajasthan Royals,YS Chahal,4.0,0,41,0,10.25,3,5,0,1,0,Rajasthan Royals vs Rajasthan Royals
1426283,Gujarat Titans,Azmatullah Omarzai,2.0,0,18,0,9.0,6,1,2,0,0,Gujarat Titans vs Royal Challengers Bengaluru
1426283,Gujarat Titans,MM Sharma,2.1,0,41,0,18.92,3,3,4,0,0,Gujarat Titans vs Royal Challengers Bengaluru
1426283,Gujarat Titans,Noor Ahmad,4.0,0,43,0,10.75,5,4,2,1,0,Gujarat Titans vs Royal Challengers Bengaluru
1426283,Gujarat Titans,R Sai Kishore,3.0,0,30,1,10.0,4,0,3,0,0,Gujarat Titans vs Royal Challengers Bengaluru
1426283,Gujarat Titans,Rashid Khan,4.0,0,51,0,12.75,4,3,4,0,0,Gujarat Titans vs Royal Challengers Bengaluru
1426283,Gujarat Titans,S Sandeep Warrier,1.0,0,15,0,15.0,1,1,1,2,0,Gujarat Titans vs Royal Challengers Bengaluru
1426283,Royal Challengers Bengaluru,C Green,3.0,0,42,0,14.0,2,5,2,1,0,Royal Challengers Bengaluru vs Royal Challengers Bengaluru
1426283,Royal Challengers Bengaluru,GJ Maxwell,3.0,0,28,1,9.33,5,1,2,0,0,Royal Challengers Bengaluru vs Royal Challengers Bengaluru
1426283,Royal Challengers Bengaluru,KV Sharma,3.0,0,38,0,12.67,4,1,4,1,0,Royal Challengers Bengaluru vs Royal Challengers Bengaluru
1426283,Royal Challengers Bengaluru,Mohammed Siraj,4.0,0,34,1,8.5,9,3,1,4,0,Royal Challengers Bengaluru vs Royal Challengers Bengaluru
1426283,Royal Challengers Bengaluru,Swapnil Singh,3.0,0,23,1,7.67,5,3,0,0,0,Royal Challengers Bengaluru vs Royal Challengers Bengaluru
1426283,Royal Challengers Bengaluru,Yash Dayal,4.1,0,34,0,8.16,8,2,1,3,0,Royal Challengers Bengaluru vs Royal Challengers Bengaluru
1426284,Chennai Super Kings,DL Chahar,3.0,0,22,0,7.33,5,3,0,0,0,Chennai Super Kings vs Sunrisers Hyderabad
1426284,Chennai Super Kings,M Pathirana,2.0,0,17,2,8.5,3,0,1,2,0,Chennai Super Kings vs Sunrisers Hyderabad
1426284,Chennai Super Kings,Mustafizur Rahman,2.5,0,19,2,6.71,6,2,0,0,0,Chennai Super Kings vs Sunrisers Hyderabad
1426284,Chennai Super Kings,RA Jadeja,4.0,0,22,1,5.5,8,0,1,0,0,Chennai Super Kings vs Sunrisers Hyderabad
1426284,Chennai Super Kings,SN Thakur,4.1,0,27,1,6.48,8,3,0,0,0,Chennai Super Kings vs Sunrisers Hyderabad
1426284,Chennai Super Kings,TU Deshpande,3.0,0,27,4,9.0,6,1,2,0,0,Chennai Super Kings vs Sunrisers Hyderabad
1426284,Sunrisers Hyderabad,B Kumar,4.0,0,38,1,9.5,6,5,1,0,0,Sunrisers Hyderabad vs Sunrisers Hyderabad
1426284,Sunrisers Hyderabad,JD Unadkat,4.0,0,38,1,9.5,3,2,1,1,0,Sunrisers Hyderabad vs Sunrisers Hyderabad
1426284,Sunrisers Hyderabad,Nithish Kumar Reddy,1.0,0,8,0,8.0,1,1,0,1,0,Sunrisers Hyderabad vs Sunrisers Hyderabad
1426284,Sunrisers Hyderabad,PJ Cummins,4.0,0,49,0,12.25,3,4,3,1,0,Sunrisers Hyderabad vs Sunrisers Hyderabad
1426284,Sunrisers Hyderabad,Shahbaz Ahmed,3.0,0,33,0,11.0,3,5,0,0,0,Sunrisers Hyderabad vs Sunrisers Hyderabad
1426284,Sunrisers Hyderabad,T Natarajan,4.0,0,43,1,10.75,8,3,3,3,0,Sunrisers Hyderabad vs Sunrisers Hyderabad
1426285,Delhi Capitals,AR Patel,4.0,0,25,2,6.25,10,3,0,0,0,Delhi Capitals vs Kolkata Knight Riders
1426285,Delhi Capitals,KK Ahmed,3.0,0,28,0,9.33,9,4,1,0,0,Delhi Capitals vs Kolkata Knight Riders
1426285,Delhi Capitals,Kuldeep Yadav,4.0,0,34,0,8.5,8,2,2,0,0,Delhi Capitals vs Kolkata Knight Riders
1426285,Delhi Capitals,LB Williams,3.1,0,37,1,11.68,6,3,3,1,0,Delhi Capitals vs Kolkata Knight Riders
1426285,Delhi Capitals,Rasikh Salam,2.3,0,30,0,12.0,3,4,1,0,0,Delhi Capitals vs Kolkata Knight Riders
1426285,Kolkata Knight Riders,AD Russell,1.0,0,10,0,10.0,3,2,0,0,0,Kolkata Knight Riders vs Kolkata Knight Riders
1426285,Kolkata Knight Riders,CV Varun,4.0,0,16,3,4.0,13,1,0,0,0,Kolkata Knight Riders vs Kolkata Knight Riders
1426285,Kolkata Knight Riders,Harshit Rana,4.0,0,28,2,7.0,10,3,1,1,0,Kolkata Knight Riders vs Kolkata Knight Riders
1426285,Kolkata Knight Riders,MA Starc,3.0,0,43,1,14.33,6,5,2,2,0,Kolkata Knight Riders vs Kolkata Knight Riders
1426285,Kolkata Knight Riders,SP Narine,4.0,0,24,1,6.0,9,1,1,0,0,Kolkata Knight Riders vs Kolkata Knight Riders
1426285,Kolkata Knight Riders,VG Arora,4.1,0,29,2,6.96,13,4,1,2,0,Kolkata Knight Riders vs Kolkata Knight Riders
1426286,Lucknow Super Giants,DJ Hooda,2.0,0,13,0,6.5,3,1,0,0,0,Lucknow Super Giants vs Mumbai Indians
1426286,Lucknow Super Giants,MP Stoinis,3.0,0,19,1,6.33,10,1,1,1,0,Lucknow Super Giants vs Mumbai Indians
1426286,Lucknow Super Giants,MP Yadav,3.2,1,31,1,9.3,10,3,2,2,0,Lucknow Super Giants vs Mumbai Indians
1426286,Lucknow Super Giants,Mohsin Khan,4.0,0,36,2,9.0,10,4,1,0,0,Lucknow Super Giants vs Mumbai Indians
1426286,Lucknow Super Giants,Naveen-ul-Haq,4.0,0,15,1,3.75,10,0,0,0,0,Lucknow Super Giants vs Mumbai Indians
1426286,Lucknow Super Giants,Ravi Bishnoi,4.0,0,28,1,7.0,8,3,0,1,0,Lucknow Super Giants vs Mumbai Indians
1426286,Mumbai Indians,G Coetzee,3.0,0,29,1,9.67,5,4,0,3,0,Mumbai Indians vs Mumbai Indians
1426286,Mumbai Indians,HH Pandya,4.0,0,26,2,6.5,8,2,0,1,0,Mumbai Indians vs Mumbai Indians
1426286,Mumbai Indians,JJ Bumrah,4.0,0,17,0,4.25,16,1,1,0,0,Mumbai Indians vs Mumbai Indians
1426286,Mumbai Indians,Mohammad Nabi,1.2,0,16,1,12.0,1,1,1,0,0,Mumbai Indians vs Mumbai Indians
1426286,Mumbai Indians,N Thushara,4.0,0,30,1,7.5,11,3,1,2,0,Mumbai Indians vs Mumbai Indians
1426286,Mumbai Indians,PP Chawla,3.0,0,23,0,7.67,5,3,0,0,0,Mumbai Indians vs Mumbai Indians
1426287,Chennai Super Kings,DL Chahar,0.2,0,4,0,12.0,1,1,0,0,0,Chennai Super Kings vs Punjab Kings
1426287,Chennai Super Kings,MM Ali,2.0,0,22,0,11.0,4,1,2,0,0,Chennai Super Kings vs Punjab Kings
1426287,Chennai Super Kings,Mustafizur Rahman,4.0,1,22,0,5.5,14,2,0,5,0,Chennai Super Kings vs Punjab Kings
1426287,Chennai Super Kings,RA Jadeja,3.0,0,22,0,7.33,6,3,0,0,0,Chennai Super Kings vs Punjab Kings
1426287,Chennai Super Kings,RJ Gleeson,4.0,0,30,1,7.5,9,4,0,1,0,Chennai Super Kings vs Punjab Kings
1426287,Chennai Super Kings,S Dube,1.0,0,14,1,14.0,1,1,1,0,0,Chennai Super Kings vs Punjab Kings
1426287,Chennai Super Kings,SN Thakur,3.5,0,48,1,12.52,3,5,2,1,0,Chennai Super Kings vs Punjab Kings
1426287,Punjab Kings,Arshdeep Singh,4.0,0,52,1,13.0,8,7,2,5,0,Punjab Kings vs Punjab Kings
1426287,Punjab Kings,HV Patel,1.0,0,12,0,12.0,0,0,0,1,0,Punjab Kings vs Punjab Kings
1426287,Punjab Kings,Harpreet Brar,4.0,0,17,2,4.25,10,0,0,1,0,Punjab Kings vs Punjab Kings
1426287,Punjab Kings,K Rabada,4.0,0,23,1,5.75,8,2,0,1,0,Punjab Kings vs Punjab Kings
1426287,Punjab Kings,RD Chahar,4.0,0,16,2,4.0,9,0,0,0,0,Punjab Kings vs Punjab Kings
1426287,Punjab Kings,SM Curran,3.1,0,37,0,11.68,5,4,2,0,0,Punjab Kings vs Punjab Kings
1426288,Rajasthan Royals,Avesh Khan,4.0,0,39,2,9.75,12,3,3,3,0,Rajasthan Royals vs Sunrisers Hyderabad
1426288,Rajasthan Royals,R Ashwin,4.0,0,36,0,9.0,10,0,4,1,0,Rajasthan Royals vs Sunrisers Hyderabad
1426288,Rajasthan Royals,Sandeep Sharma,4.0,0,31,1,7.75,10,1,2,2,0,Rajasthan Royals vs Sunrisers Hyderabad
1426288,Rajasthan Royals,TA Boult,4.0,0,33,0,8.25,8,5,0,1,0,Rajasthan Royals vs Sunrisers Hyderabad
1426288,Rajasthan Royals,YS Chahal,4.0,0,62,0,15.5,6,4,6,1,0,Rajasthan Royals vs Sunrisers Hyderabad
1426288,Sunrisers Hyderabad,B Kumar,4.0,0,41,3,10.25,8,4,2,0,0,Sunrisers Hyderabad vs Sunrisers Hyderabad
1426288,Sunrisers Hyderabad,JD Unadkat,2.0,0,23,0,11.5,2,1,1,2,0,Sunrisers Hyderabad vs Sunrisers Hyderabad
1426288,Sunrisers Hyderabad,M Jansen,4.2,0,44,0,10.15,10,7,0,3,0,Sunrisers Hyderabad vs Sunrisers Hyderabad
1426288,Sunrisers Hyderabad,Nithish Kumar Reddy,1.0,0,12,0,12.0,1,1,0,2,0,Sunrisers Hyderabad vs Sunrisers Hyderabad
1426288,Sunrisers Hyderabad,PJ Cummins,4.0,0,34,2,8.5,12,2,3,0,0,Sunrisers Hyderabad vs Sunrisers Hyderabad
1426288,Sunrisers Hyderabad,Shahbaz Ahmed,1.0,0,11,0,11.0,2,2,0,0,0,Sunrisers Hyderabad vs Sunrisers Hyderabad
1426288,Sunrisers Hyderabad,T Natarajan,4.0,0,35,2,8.75,8,2,2,3,0,Sunrisers Hyderabad vs Sunrisers Hyderabad
1426289,Kolkata Knight Riders,AD Russell,4.0,0,30,2,7.5,9,1,2,1,0,Kolkata Knight Riders vs Mumbai Indians
1426289,Kolkata Knight Riders,CV Varun,4.0,0,22,2,5.5,11,2,0,0,0,Kolkata Knight Riders vs Mumbai Indians
1426289,Kolkata Knight Riders,MA Starc,3.5,0,33,4,8.61,12,1,3,1,0,Kolkata Knight Riders vs Mumbai Indians
1426289,Kolkata Knight Riders,SP Narine,4.0,0,22,2,5.5,11,2,0,1,0,Kolkata Knight Riders vs Mumbai Indians
1426289,Kolkata Knight Riders,VG Arora,3.1,0,35,0,11.05,5,5,1,1,0,Kolkata Knight Riders vs Mumbai Indians
1426289,Mumbai Indians,G Coetzee,2.0,0,24,0,12.0,3,3,1,0,0,Mumbai Indians vs Mumbai Indians
1426289,Mumbai Indians,HH Pandya,4.0,0,44,2,11.0,9,2,4,1,0,Mumbai Indians vs Mumbai Indians
1426289,Mumbai Indians,JJ Bumrah,3.5,0,18,3,4.7,15,1,1,0,0,Mumbai Indians vs Mumbai Indians
1426289,Mumbai Indians,N Thushara,4.1,0,42,3,10.08,10,3,3,3,0,Mumbai Indians vs Mumbai Indians
1426289,Mumbai Indians,Naman Dhir,3.0,0,25,0,8.33,3,2,0,1,0,Mumbai Indians vs Mumbai Indians
1426289,Mumbai Indians,PP Chawla,3.0,0,15,1,5.0,8,1,0,0,0,Mumbai Indians vs Mumbai Indians
1426290,Gujarat Titans,J Little,4.0,0,45,4,11.25,9,6,2,1,0,Gujarat Titans vs Royal Challengers Bengaluru
1426290,Gujarat Titans,MJ Suthar,2.0,0,26,0,13.0,4,1,3,0,0,Gujarat Titans vs Royal Challengers Bengaluru
1426290,Gujarat Titans,MM Sharma,2.0,0,32,0,16.0,2,4,2,0,0,Gujarat Titans vs Royal Challengers Bengaluru
1426290,Gujarat Titans,Noor Ahmad,4.0,0,23,2,5.75,12,4,0,0,0,Gujarat Titans vs Royal Challengers Bengaluru
1426290,Gujarat Titans,Rashid Khan,1.4,0,25,0,15.0,1,3,1,0,0,Gujarat Titans vs Royal Challengers Bengaluru
1426290,Royal Challengers Bengaluru,C Green,4.0,0,28,1,7.0,11,3,1,0,0,Royal Challengers Bengaluru vs Royal Challengers Bengaluru
1426290,Royal Challengers Bengaluru,KV Sharma,3.0,0,42,1,14.0,5,5,3,0,0,Royal Challengers Bengaluru vs Royal Challengers Bengaluru
1426290,Royal Challengers Bengaluru,Mohammed Siraj,4.0,0,29,2,7.25,13,5,0,3,0,Royal Challengers Bengaluru vs Royal Challengers Bengaluru
1426290,Royal Challengers Bengaluru,Swapnil Singh,1.0,0,1,0,1.0,5,0,0,0,0,Royal Challengers Bengaluru vs Royal Challengers Bengaluru
1426290,Royal Challengers Bengaluru,Vijaykumar Vyshak,3.3,1,23,2,6.57,9,2,1,1,0,Royal Challengers Bengaluru vs Royal Challengers Bengaluru
1426290,Royal Challengers Bengaluru,Yash Dayal,4.0,0,21,2,5.25,10,2,0,0,0,Royal Challengers Bengaluru vs Royal Challengers Bengaluru
1426291,Chennai Super Kings,MJ Santner,3.0,0,10,1,3.33,11,1,0,0,0,Chennai Super Kings vs Punjab Kings
1426291,Chennai Super Kings,RA Jadeja,4.0,0,20,3,5.0,9,1,0,0,0,Chennai Super Kings vs Punjab Kings
1426291,Chennai Super Kings,RJ Gleeson,4.0,0,41,0,10.25,10,3,3,2,0,Chennai Super Kings vs Punjab Kings
1426291,Chennai Super Kings,SN Thakur,2.0,0,12,1,6.0,3,1,0,1,0,Chennai Super Kings vs Punjab Kings
1426291,Chennai Super Kings,Simarjeet Singh,3.0,0,16,2,5.33,10,1,1,0,0,Chennai Super Kings vs Punjab Kings
1426291,Chennai Super Kings,TU Deshpande,4.0,0,35,2,8.75,11,5,1,1,0,Chennai Super Kings vs Punjab Kings
1426291,Punjab Kings,Arshdeep Singh,4.0,0,42,2,10.5,6,4,2,1,0,Punjab Kings vs Punjab Kings
1426291,Punjab Kings,HV Patel,4.0,0,24,3,6.0,10,2,0,2,0,Punjab Kings vs Punjab Kings
1426291,Punjab Kings,Harpreet Brar,1.0,0,19,0,19.0,1,3,1,0,0,Punjab Kings vs Punjab Kings
1426291,Punjab Kings,K Rabada,3.0,0,24,0,8.0,7,3,0,1,0,Punjab Kings vs Punjab Kings
1426291,Punjab Kings,RD Chahar,4.0,0,23,3,5.75,10,1,1,1,0,Punjab Kings vs Punjab Kings
1426291,Punjab Kings,SM Curran,4.0,0,34,1,8.5,3,2,1,0,0,Punjab Kings vs Punjab Kings
1426292,Kolkata Knight Riders,AD Russell,2.0,0,17,2,8.5,3,0,1,3,0,Kolkata Knight Riders vs Lucknow Super Giants
1426292,Kolkata Knight Riders,CV Varun,3.0,0,30,3,10.0,8,0,4,0,0,Kolkata Knight Riders vs Lucknow Super Giants
1426292,Kolkata Knight Riders,Harshit Rana,3.1,1,24,3,7.58,8,2,1,1,0,Kolkata Knight Riders vs Lucknow Super Giants
1426292,Kolkata Knight Riders,MA Starc,2.0,0,22,1,11.0,5,5,0,0,0,Kolkata Knight Riders vs Lucknow Super Giants
1426292,Kolkata Knight Riders,SP Narine,4.0,0,22,1,5.5,8,1,0,1,0,Kolkata Knight Riders vs Lucknow Super Giants
1426292,Kolkata Knight Riders,VG Arora,2.0,0,21,0,10.5,4,2,1,1,0,Kolkata Knight Riders vs Lucknow Super Giants
1426292,Lucknow Super Giants,KH Pandya,2.0,0,26,0,13.0,2,0,2,2,0,Lucknow Super Giants vs Lucknow Super Giants
1426292,Lucknow Super Giants,MP Stoinis,2.0,0,29,0,14.5,4,2,3,0,0,Lucknow Super Giants vs Lucknow Super Giants
1426292,Lucknow Super Giants,Mohsin Khan,2.0,0,28,0,14.0,4,3,2,1,0,Lucknow Super Giants vs Lucknow Super Giants
1426292,Lucknow Super Giants,Naveen-ul-Haq,4.0,0,49,3,12.25,7,9,0,1,0,Lucknow Super Giants vs Lucknow Super Giants
1426292,Lucknow Super Giants,Ravi Bishnoi,4.0,0,33,1,8.25,8,3,1,2,0,Lucknow Super Giants vs Lucknow Super Giants
1426292,Lucknow Super Giants,Yash Thakur,4.0,0,46,1,11.5,7,3,3,3,0,Lucknow Super Giants vs Lucknow Super Giants
1426292,Lucknow Super Giants,Yudhvir Singh,2.0,0,24,1,12.0,2,1,2,0,0,Lucknow Super Giants vs Lucknow Super Giants
1426293,Mumbai Indians,A Kamboj,4.2,0,42,1,9.69,8,3,2,1,0,Mumbai Indians vs Sunrisers Hyderabad
1426293,Mumbai Indians,HH Pandya,4.0,0,31,3,7.75,7,4,0,1,0,Mumbai Indians vs Sunrisers Hyderabad
1426293,Mumbai Indians,JJ Bumrah,4.0,0,23,1,5.75,9,2,0,1,0,Mumbai Indians vs Sunrisers Hyderabad
1426293,Mumbai Indians,N Thushara,4.1,0,42,0,10.08,6,3,1,3,0,Mumbai Indians vs Sunrisers Hyderabad
1426293,Mumbai Indians,PP Chawla,4.0,0,33,3,8.25,7,1,2,2,0,Mumbai Indians vs Sunrisers Hyderabad
1426293,Sunrisers Hyderabad,B Kumar,4.0,0,22,1,5.5,14,3,1,1,0,Sunrisers Hyderabad vs Sunrisers Hyderabad
1426293,Sunrisers Hyderabad,M Jansen,3.0,0,45,1,15.0,3,5,2,2,0,Sunrisers Hyderabad vs Sunrisers Hyderabad
1426293,Sunrisers Hyderabad,Nithish Kumar Reddy,2.0,0,16,0,8.0,5,3,0,0,0,Sunrisers Hyderabad vs Sunrisers Hyderabad
1426293,Sunrisers Hyderabad,PJ Cummins,4.0,1,35,1,8.75,12,4,2,1,0,Sunrisers Hyderabad vs Sunrisers Hyderabad
1426293,Sunrisers Hyderabad,Shahbaz Ahmed,1.0,0,11,0,11.0,1,2,0,0,0,Sunrisers Hyderabad vs Sunrisers Hyderabad
1426293,Sunrisers Hyderabad,T Natarajan,3.2,0,31,0,9.3,8,4,1,0,0,Sunrisers Hyderabad vs Sunrisers Hyderabad
1426294,Delhi Capitals,AR Patel,3.0,0,25,1,8.33,9,2,2,0,0,Delhi Capitals vs Rajasthan Royals
1426294,Delhi Capitals,I Sharma,3.0,0,34,0,11.33,7,4,2,1,0,Delhi Capitals vs Rajasthan Royals
1426294,Delhi Capitals,KK Ahmed,4.0,0,47,2,11.75,9,5,2,7,0,Delhi Capitals vs Rajasthan Royals
1426294,Delhi Capitals,Kuldeep Yadav,4.1,0,25,2,6.0,10,0,2,0,0,Delhi Capitals vs Rajasthan Royals
1426294,Delhi Capitals,Mukesh Kumar,3.0,0,30,2,10.0,6,4,1,1,0,Delhi Capitals vs Rajasthan Royals
1426294,Delhi Capitals,Rasikh Salam,3.0,0,36,1,12.0,6,1,4,1,0,Delhi Capitals vs Rajasthan Royals
1426294,Rajasthan Royals,Avesh Khan,2.0,0,42,0,21.0,0,5,3,0,0,Rajasthan Royals vs Rajasthan Royals
1426294,Rajasthan Royals,R Ashwin,4.0,0,24,3,6.0,6,0,1,0,0,Rajasthan Royals vs Rajasthan Royals
1426294,Rajasthan Royals,R Parag,2.0,0,17,0,8.5,4,1,1,1,0,Rajasthan Royals vs Rajasthan Royals
1426294,Rajasthan Royals,Sandeep Sharma,4.0,0,42,1,10.5,7,5,2,0,0,Rajasthan Royals vs Rajasthan Royals
1426294,Rajasthan Royals,TA Boult,4.0,0,48,1,12.0,8,7,2,0,0,Rajasthan Royals vs Rajasthan Royals
1426294,Rajasthan Royals,YS Chahal,4.0,0,48,1,12.0,5,4,3,0,0,Rajasthan Royals vs Rajasthan Royals
1426295,Lucknow Super Giants,A Badoni,1.0,0,19,0,19.0,0,1,2,0,0,Lucknow Super Giants vs Sunrisers Hyderabad
1426295,Lucknow Super Giants,K Gowtham,2.0,0,29,0,14.5,4,2,3,1,0,Lucknow Super Giants vs Sunrisers Hyderabad
1426295,Lucknow Super Giants,Naveen-ul-Haq,2.0,0,37,0,18.5,1,5,2,0,0,Lucknow Super Giants vs Sunrisers Hyderabad
1426295,Lucknow Super Giants,Ravi Bishnoi,2.0,0,34,0,17.0,4,2,4,0,0,Lucknow Super Giants vs Sunrisers Hyderabad
1426295,Lucknow Super Giants,Yash Thakur,2.4,0,47,0,17.62,4,6,3,1,0,Lucknow Super Giants vs Sunrisers Hyderabad
1426295,Sunrisers Hyderabad,B Kumar,4.0,0,12,2,3.0,11,0,0,0,0,Sunrisers Hyderabad vs Sunrisers Hyderabad
1426295,Sunrisers Hyderabad,JD Unadkat,2.0,0,19,0,9.5,4,0,2,0,0,Sunrisers Hyderabad vs Sunrisers Hyderabad
1426295,Sunrisers Hyderabad,PJ Cummins,4.0,0,47,1,11.75,5,6,1,0,0,Sunrisers Hyderabad vs Sunrisers Hyderabad
1426295,Sunrisers Hyderabad,Shahbaz Ahmed,2.0,0,9,0,4.5,4,0,0,0,0,Sunrisers Hyderabad vs Sunrisers Hyderabad
1426295,Sunrisers Hyderabad,T Natarajan,4.0,0,50,0,12.5,4,8,0,3,0,Sunrisers Hyderabad vs Sunrisers Hyderabad
1426295,Sunrisers Hyderabad,V Viyaskanth,4.0,0,27,0,6.75,8,2,1,0,0,Sunrisers Hyderabad vs Sunrisers Hyderabad
1426296,Punjab Kings,Arshdeep Singh,3.0,0,41,1,13.67,5,3,3,2,0,Punjab Kings vs Royal Challengers Bengaluru
1426296,Punjab Kings,HV Patel,4.0,0,38,3,9.5,6,5,1,1,0,Punjab Kings vs Royal Challengers Bengaluru
1426296,Punjab Kings,LS Livingstone,3.0,0,28,0,9.33,4,2,1,1,0,Punjab Kings vs Royal Challengers Bengaluru
1426296,Punjab Kings,RD Chahar,3.1,0,47,0,14.84,5,3,4,0,0,Punjab Kings vs Royal Challengers Bengaluru
1426296,Punjab Kings,SM Curran,3.0,0,50,1,16.67,2,4,4,2,0,Punjab Kings vs Royal Challengers Bengaluru
1426296,Punjab Kings,V Kaverappa,4.0,0,36,2,9.0,11,2,3,0,0,Punjab Kings vs Royal Challengers Bengaluru
1426296,Royal Challengers Bengaluru,C Green,1.0,0,16,0,16.0,1,2,1,0,0,Royal Challengers Bengaluru vs Royal Challengers Bengaluru
1426296,Royal Challengers Bengaluru,KV Sharma,3.0,0,36,2,12.0,7,3,3,0,0,Royal Challengers Bengaluru vs Royal Challengers Bengaluru
1426296,Royal Challengers Bengaluru,LH Ferguson,3.0,0,29,2,9.67,4,5,0,0,0,Royal Challengers Bengaluru vs Royal Challengers Bengaluru
1426296,Royal Challengers Bengaluru,Mohammed Siraj,4.0,0,43,3,10.75,9,5,2,2,0,Royal Challengers Bengaluru vs Royal Challengers Bengaluru
1426296,Royal Challengers Bengaluru,Swapnil Singh,3.0,0,28,2,9.33,7,5,0,0,0,Royal Challengers Bengaluru vs Royal Challengers Bengaluru
1426296,Royal Challengers Bengaluru,WG Jacks,1.0,0,5,0,5.0,1,0,0,0,0,Royal Challengers Bengaluru vs Royal Challengers Bengaluru
1426296,Royal Challengers Bengaluru,Yash Dayal,2.0,0,22,0,11.0,5,3,1,1,0,Royal Challengers Bengaluru vs Royal Challengers Bengaluru
1426297,Chennai Super Kings,DJ Mitchell,4.0,0,52,0,13.0,2,4,3,1,0,Chennai Super Kings vs Gujarat Titans
1426297,Chennai Super Kings,MJ Santner,2.0,0,31,0,15.5,2,3,2,0,0,Chennai Super Kings vs Gujarat Titans
1426297,Chennai Super Kings,RA Jadeja,2.0,0,29,0,14.5,0,2,2,0,0,Chennai Super Kings vs Gujarat Titans
1426297,Chennai Super Kings,SN Thakur,4.0,0,25,0,6.25,9,1,1,0,0,Chennai Super Kings vs Gujarat Titans
1426297,Chennai Super Kings,Simarjeet Singh,4.0,0,60,0,15.0,4,3,5,2,0,Chennai Super Kings vs Gujarat Titans
1426297,Chennai Super Kings,TU Deshpande,4.0,0,33,2,8.25,6,2,1,2,0,Chennai Super Kings vs Gujarat Titans
1426297,Gujarat Titans,Kartik Tyagi,4.0,0,51,0,12.75,4,6,2,2,0,Gujarat Titans vs Gujarat Titans
1426297,Gujarat Titans,MM Sharma,4.0,0,31,3,7.75,10,3,1,2,0,Gujarat Titans vs Gujarat Titans
1426297,Gujarat Titans,Noor Ahmad,2.0,0,25,0,12.5,3,0,3,0,0,Gujarat Titans vs Gujarat Titans
1426297,Gujarat Titans,Rashid Khan,4.0,0,38,2,9.5,8,3,3,0,0,Gujarat Titans vs Gujarat Titans
1426297,Gujarat Titans,S Sandeep Warrier,3.0,0,28,1,9.33,8,1,3,0,0,Gujarat Titans vs Gujarat Titans
1426297,Gujarat Titans,UT Yadav,3.0,0,20,1,6.67,8,3,0,0,0,Gujarat Titans vs Gujarat Titans
1426298,Kolkata Knight Riders,AD Russell,3.0,0,34,2,11.33,4,3,2,2,0,Kolkata Knight Riders vs Mumbai Indians
1426298,Kolkata Knight Riders,CV Varun,4.0,0,17,2,4.25,11,1,0,1,0,Kolkata Knight Riders vs Mumbai Indians
1426298,Kolkata Knight Riders,Harshit Rana,3.0,0,34,2,11.33,7,4,2,1,0,Kolkata Knight Riders vs Mumbai Indians
1426298,Kolkata Knight Riders,MA Starc,1.0,0,11,0,11.0,2,2,0,0,0,Kolkata Knight Riders vs Mumbai Indians
1426298,Kolkata Knight Riders,SP Narine,3.0,0,21,1,7.0,10,2,1,0,0,Kolkata Knight Riders vs Mumbai Indians
1426298,Kolkata Knight Riders,VG Arora,2.1,0,15,0,6.92,7,1,1,1,0,Kolkata Knight Riders vs Mumbai Indians
1426298,Mumbai Indians,A Kamboj,3.0,0,24,1,8.0,7,2,1,1,0,Mumbai Indians vs Mumbai Indians
1426298,Mumbai Indians,HH Pandya,3.0,0,32,0,10.67,4,3,2,0,0,Mumbai Indians vs Mumbai Indians
1426298,Mumbai Indians,JJ Bumrah,4.0,0,39,2,9.75,9,5,2,0,0,Mumbai Indians vs Mumbai Indians
1426298,Mumbai Indians,N Thushara,3.0,0,31,1,10.33,6,2,2,2,0,Mumbai Indians vs Mumbai Indians
1426298,Mumbai Indians,PP Chawla,3.0,0,28,2,9.33,7,2,2,0,0,Mumbai Indians vs Mumbai Indians
1426299,Chennai Super Kings,M Theekshana,4.0,0,28,0,7.0,9,2,1,0,0,Chennai Super Kings vs Rajasthan Royals
1426299,Chennai Super Kings,RA Jadeja,4.0,0,24,0,6.0,7,0,1,0,0,Chennai Super Kings vs Rajasthan Royals
1426299,Chennai Super Kings,SN Thakur,4.0,0,32,0,8.0,6,2,1,0,0,Chennai Super Kings vs Rajasthan Royals
1426299,Chennai Super Kings,Simarjeet Singh,4.0,0,26,3,6.5,13,2,1,4,0,Chennai Super Kings vs Rajasthan Royals
1426299,Chennai Super Kings,TU Deshpande,4.0,0,30,2,7.5,9,1,2,0,0,Chennai Super Kings vs Rajasthan Royals
1426299,Rajasthan Royals,Avesh Khan,2.0,0,12,1,6.0,3,0,0,1,0,Rajasthan Royals vs Rajasthan Royals
1426299,Rajasthan Royals,N Burger,3.0,0,21,1,7.0,7,0,2,0,0,Rajasthan Royals vs Rajasthan Royals
1426299,Rajasthan Royals,R Ashwin,4.0,0,35,2,8.75,8,4,1,1,0,Rajasthan Royals vs Rajasthan Royals
1426299,Rajasthan Royals,Sandeep Sharma,3.0,0,30,0,10.0,4,3,1,1,0,Rajasthan Royals vs Rajasthan Royals
1426299,Rajasthan Royals,TA Boult,2.2,0,24,0,10.29,6,3,1,1,0,Rajasthan Royals vs Rajasthan Royals
1426299,Rajasthan Royals,YS Chahal,4.0,0,22,1,5.5,8,1,0,1,0,Rajasthan Royals vs Rajasthan Royals
1426300,Delhi Capitals,AR Patel,3.0,0,24,0,8.0,5,0,2,0,0,Delhi Capitals vs Royal Challengers Bengaluru
1426300,Delhi Capitals,I Sharma,3.0,0,31,1,10.33,5,1,2,3,0,Delhi Capitals vs Royal Challengers Bengaluru
1426300,Delhi Capitals,KK Ahmed,4.0,0,31,2,7.75,8,3,1,0,0,Delhi Capitals vs Royal Challengers Bengaluru
1426300,Delhi Capitals,Kuldeep Yadav,4.0,0,52,1,13.0,5,0,6,1,0,Delhi Capitals vs Royal Challengers Bengaluru
1426300,Delhi Capitals,Mukesh Kumar,3.0,0,23,1,7.67,8,4,0,0,0,Delhi Capitals vs Royal Challengers Bengaluru
1426300,Delhi Capitals,Rasikh Salam,3.0,0,23,2,7.67,5,2,0,3,0,Delhi Capitals vs Royal Challengers Bengaluru
1426300,Royal Challengers Bengaluru,C Green,4.0,0,19,1,4.75,12,1,0,2,0,Royal Challengers Bengaluru vs Royal Challengers Bengaluru
1426300,Royal Challengers Bengaluru,KV Sharma,2.0,0,19,0,9.5,2,1,1,0,0,Royal Challengers Bengaluru vs Royal Challengers Bengaluru
1426300,Royal Challengers Bengaluru,LH Ferguson,4.0,0,23,2,5.75,8,2,0,0,0,Royal Challengers Bengaluru vs Royal Challengers Bengaluru
1426300,Royal Challengers Bengaluru,Mohammed Siraj,4.0,0,33,1,8.25,13,4,1,2,0,Royal Challengers Bengaluru vs Royal Challengers Bengaluru
1426300,Royal Challengers Bengaluru,Swapnil Singh,1.0,0,9,1,9.0,2,0,1,0,0,Royal Challengers Bengaluru vs Royal Challengers Bengaluru
1426300,Royal Challengers Bengaluru,WG Jacks,1.0,0,16,0,16.0,0,0,2,0,0,Royal Challengers Bengaluru vs Royal Challengers Bengaluru
1426300,Royal Challengers Bengaluru,Yash Dayal,3.1,1,20,3,6.32,12,4,0,1,0,Royal Challengers Bengaluru vs Royal Challengers Bengaluru
1426302,Delhi Capitals,AR Patel,1.0,0,20,1,20.0,2,2,2,0,0,Delhi Capitals vs Lucknow Super Giants
1426302,Delhi Capitals,Gulbadin Naib,1.0,0,12,0,12.0,1,2,0,0,0,Delhi Capitals vs Lucknow Super Giants
1426302,Delhi Capitals,I Sharma,4.0,0,34,3,8.5,10,4,1,2,0,Delhi Capitals vs Lucknow Super Giants
1426302,Delhi Capitals,KK Ahmed,2.0,0,22,1,11.0,6,2,2,1,0,Delhi Capitals vs Lucknow Super Giants
1426302,Delhi Capitals,Kuldeep Yadav,4.0,0,33,1,8.25,9,2,2,0,0,Delhi Capitals vs Lucknow Super Giants
1426302,Delhi Capitals,Mukesh Kumar,4.0,0,33,1,8.25,9,3,1,2,0,Delhi Capitals vs Lucknow Super Giants
1426302,Delhi Capitals,Rasikh Salam,3.0,0,30,0,10.0,5,1,2,0,0,Delhi Capitals vs Lucknow Super Giants
1426302,Delhi Capitals,T Stubbs,1.0,0,4,1,4.0,3,0,0,0,0,Delhi Capitals vs Lucknow Super Giants
1426302,Lucknow Super Giants,Arshad Khan,3.0,0,45,1,15.0,5,5,2,5,0,Lucknow Super Giants vs Lucknow Super Giants
1426302,Lucknow Super Giants,DJ Hooda,1.0,0,9,0,9.0,1,1,0,1,0,Lucknow Super Giants vs Lucknow Super Giants
1426302,Lucknow Super Giants,KH Pandya,2.0,0,20,0,10.0,3,3,0,1,0,Lucknow Super Giants vs Lucknow Super Giants
1426302,Lucknow Super Giants,Mohsin Khan,4.0,0,29,0,7.25,11,2,2,0,0,Lucknow Super Giants vs Lucknow Super Giants
1426302,Lucknow Super Giants,Naveen-ul-Haq,4.0,0,51,2,12.75,6,3,4,1,0,Lucknow Super Giants vs Lucknow Super Giants
1426302,Lucknow Super Giants,Ravi Bishnoi,4.0,0,26,1,6.5,9,1,1,0,0,Lucknow Super Giants vs Lucknow Super Giants
1426302,Lucknow Super Giants,Yudhvir Singh,2.0,0,28,0,14.0,3,3,1,0,0,Lucknow Super Giants vs Lucknow Super Giants
1426303,Punjab Kings,Arshdeep Singh,4.0,0,31,1,7.75,11,6,0,0,0,Punjab Kings vs Rajasthan Royals
1426303,Punjab Kings,HV Patel,4.0,0,28,2,7.0,8,2,0,1,0,Punjab Kings vs Rajasthan Royals
1426303,Punjab Kings,Harpreet Brar,1.0,0,10,0,10.0,1,1,0,0,0,Punjab Kings vs Rajasthan Royals
1426303,Punjab Kings,NT Ellis,4.0,0,24,1,6.0,10,3,0,0,0,Punjab Kings vs Rajasthan Royals
1426303,Punjab Kings,RD Chahar,4.0,0,26,2,6.5,9,2,1,0,0,Punjab Kings vs Rajasthan Royals
1426303,Punjab Kings,SM Curran,3.0,0,24,2,8.0,11,4,1,0,0,Punjab Kings vs Rajasthan Royals
1426303,Rajasthan Royals,Avesh Khan,3.5,0,28,2,7.3,9,1,2,0,0,Rajasthan Royals vs Rajasthan Royals
1426303,Rajasthan Royals,R Ashwin,4.0,0,31,0,7.75,11,1,3,0,0,Rajasthan Royals vs Rajasthan Royals
1426303,Rajasthan Royals,Sandeep Sharma,4.0,0,28,0,7.0,11,3,1,0,0,Rajasthan Royals vs Rajasthan Royals
1426303,Rajasthan Royals,TA Boult,3.0,0,27,1,9.0,7,5,0,0,0,Rajasthan Royals vs Rajasthan Royals
1426303,Rajasthan Royals,YS Chahal,4.0,0,31,2,7.75,5,3,0,1,0,Rajasthan Royals vs Rajasthan Royals
1426305,Lucknow Super Giants,Arshad Khan,2.0,0,11,0,5.5,7,1,0,2,0,Lucknow Super Giants vs Mumbai Indians
1426305,Lucknow Super Giants,KH Pandya,4.0,0,29,1,7.25,10,1,2,1,0,Lucknow Super Giants vs Mumbai Indians
1426305,Lucknow Super Giants,MJ Henry,2.0,0,24,0,12.0,4,1,2,2,0,Lucknow Super Giants vs Mumbai Indians
1426305,Lucknow Super Giants,Mohsin Khan,4.0,0,45,1,11.25,9,4,3,2,0,Lucknow Super Giants vs Mumbai Indians
1426305,Lucknow Super Giants,Naveen-ul-Haq,4.1,0,50,2,12.0,8,5,3,1,0,Lucknow Super Giants vs Mumbai Indians
1426305,Lucknow Super Giants,Ravi Bishnoi,4.0,0,37,2,9.25,9,5,1,0,0,Lucknow Super Giants vs Mumbai Indians
1426305,Mumbai Indians,A Kamboj,3.0,0,48,0,16.0,4,5,3,4,0,Mumbai Indians vs Mumbai Indians
1426305,Mumbai Indians,Arjun Tendulkar,2.2,0,22,0,9.43,7,1,2,1,0,Mumbai Indians vs Mumbai Indians
1426305,Mumbai Indians,HH Pandya,2.0,0,27,0,13.5,1,1,2,0,0,Mumbai Indians vs Mumbai Indians
1426305,Mumbai Indians,N Thushara,4.0,0,28,3,7.0,11,4,0,2,0,Mumbai Indians vs Mumbai Indians
1426305,Mumbai Indians,N Wadhera,2.0,0,13,0,6.5,2,1,0,0,0,Mumbai Indians vs Mumbai Indians
1426305,Mumbai Indians,Naman Dhir,0.4,0,17,0,25.5,0,1,2,0,0,Mumbai Indians vs Mumbai Indians
1426305,Mumbai Indians,PP Chawla,4.0,0,29,3,7.25,10,0,3,0,0,Mumbai Indians vs Mumbai Indians
1426305,Mumbai Indians,R Shepherd,2.0,0,30,0,15.0,5,3,2,3,0,Mumbai Indians vs Mumbai Indians
1426306,Chennai Super Kings,M Theekshana,4.0,0,25,0,6.25,11,2,1,1,0,Chennai Super Kings vs Royal Challengers Bengaluru
1426306,Chennai Super Kings,MJ Santner,4.0,0,23,1,5.75,10,1,1,0,0,Chennai Super Kings vs Royal Challengers Bengaluru
1426306,Chennai Super Kings,RA Jadeja,3.0,0,40,0,13.33,2,2,3,0,0,Chennai Super Kings vs Royal Challengers Bengaluru
1426306,Chennai Super Kings,SN Thakur,4.0,0,61,2,15.25,4,5,5,0,0,Chennai Super Kings vs Royal Challengers Bengaluru
1426306,Chennai Super Kings,Simarjeet Singh,1.0,0,19,0,19.0,0,2,1,2,0,Chennai Super Kings vs Royal Challengers Bengaluru
1426306,Chennai Super Kings,TU Deshpande,4.0,0,49,1,12.25,10,2,5,4,0,Chennai Super Kings vs Royal Challengers Bengaluru
1426306,Royal Challengers Bengaluru,C Green,2.0,0,18,1,9.0,2,2,0,1,0,Royal Challengers Bengaluru vs Royal Challengers Bengaluru
1426306,Royal Challengers Bengaluru,GJ Maxwell,4.0,0,25,1,6.25,7,1,0,1,0,Royal Challengers Bengaluru vs Royal Challengers Bengaluru
1426306,Royal Challengers Bengaluru,KV Sharma,1.0,0,14,0,14.0,0,1,1,0,0,Royal Challengers Bengaluru vs Royal Challengers Bengaluru
1426306,Royal Challengers Bengaluru,LH Ferguson,3.2,0,39,1,11.7,6,3,3,0,0,Royal Challengers Bengaluru vs Royal Challengers Bengaluru
1426306,Royal Challengers Bengaluru,Mohammed Siraj,4.0,0,35,1,8.75,6,3,1,1,0,Royal Challengers Bengaluru vs Royal Challengers Bengaluru
1426306,Royal Challengers Bengaluru,Swapnil Singh,2.0,0,13,0,6.5,1,0,0,1,0,Royal Challengers Bengaluru vs Royal Challengers Bengaluru
1426306,Royal Challengers Bengaluru,Yash Dayal,4.0,0,42,2,10.5,9,4,3,0,0,Royal Challengers Bengaluru vs Royal Challengers Bengaluru
1426307,Punjab Kings,Arshdeep Singh,4.0,0,37,2,9.25,9,5,1,1,0,Punjab Kings vs Sunrisers Hyderabad
1426307,Punjab Kings,Atharva Taide,0.1,0,4,0,24.0,0,1,0,0,0,Punjab Kings vs Sunrisers Hyderabad
1426307,Punjab Kings,HV Patel,4.1,0,49,2,11.76,6,5,2,2,0,Punjab Kings vs Sunrisers Hyderabad
1426307,Punjab Kings,Harpreet Brar,3.0,0,36,1,12.0,6,0,4,1,0,Punjab Kings vs Sunrisers Hyderabad
1426307,Punjab Kings,R Dhawan,3.0,0,35,0,11.67,4,2,3,1,0,Punjab Kings vs Sunrisers Hyderabad
1426307,Punjab Kings,RD Chahar,4.0,0,43,0,10.75,6,1,4,1,0,Punjab Kings vs Sunrisers Hyderabad
1426307,Punjab Kings,Shashank Singh,1.0,0,5,1,5.0,1,0,0,0,0,Punjab Kings vs Sunrisers Hyderabad
1426307,Sunrisers Hyderabad,B Kumar,4.0,0,36,0,9.0,7,4,1,0,0,Sunrisers Hyderabad vs Sunrisers Hyderabad
1426307,Sunrisers Hyderabad,Nithish Kumar Reddy,3.1,0,54,0,17.05,2,3,5,2,0,Sunrisers Hyderabad vs Sunrisers Hyderabad
1426307,Sunrisers Hyderabad,PJ Cummins,4.0,0,36,1,9.0,7,4,1,0,0,Sunrisers Hyderabad vs Sunrisers Hyderabad
1426307,Sunrisers Hyderabad,Shahbaz Ahmed,1.0,0,13,0,13.0,1,1,1,0,0,Sunrisers Hyderabad vs Sunrisers Hyderabad
1426307,Sunrisers Hyderabad,T Natarajan,4.0,0,33,2,8.25,8,3,1,2,0,Sunrisers Hyderabad vs Sunrisers Hyderabad
1426307,Sunrisers Hyderabad,V Viyaskanth,4.0,0,37,1,9.25,7,2,3,0,0,Sunrisers Hyderabad vs Sunrisers Hyderabad
1426309,Kolkata Knight Riders,AD Russell,1.3,0,15,1,10.0,2,2,0,0,0,Kolkata Knight Riders vs Sunrisers Hyderabad
1426309,Kolkata Knight Riders,CV Varun,4.1,0,26,2,6.24,9,1,1,1,0,Kolkata Knight Riders vs Sunrisers Hyderabad
1426309,Kolkata Knight Riders,Harshit Rana,4.0,0,27,1,6.75,9,2,1,1,0,Kolkata Knight Riders vs Sunrisers Hyderabad
1426309,Kolkata Knight Riders,MA Starc,4.0,0,34,3,8.5,11,5,1,1,0,Kolkata Knight Riders vs Sunrisers Hyderabad
1426309,Kolkata Knight Riders,SP Narine,4.0,0,40,1,10.0,7,2,3,0,0,Kolkata Knight Riders vs Sunrisers Hyderabad
1426309,Kolkata Knight Riders,VG Arora,2.1,0,17,1,7.85,5,1,0,2,0,Kolkata Knight Riders vs Sunrisers Hyderabad
1426309,Sunrisers Hyderabad,B Kumar,3.0,0,28,0,9.33,8,4,1,0,0,Sunrisers Hyderabad vs Sunrisers Hyderabad
1426309,Sunrisers Hyderabad,Nithish Kumar Reddy,1.0,0,13,0,13.0,1,1,1,0,0,Sunrisers Hyderabad vs Sunrisers Hyderabad
1426309,Sunrisers Hyderabad,PJ Cummins,3.0,0,38,1,12.67,5,5,2,1,0,Sunrisers Hyderabad vs Sunrisers Hyderabad
1426309,Sunrisers Hyderabad,T Natarajan,3.0,0,22,1,7.33,10,3,1,1,0,Sunrisers Hyderabad vs Sunrisers Hyderabad
1426309,Sunrisers Hyderabad,TM Head,1.4,0,32,0,19.2,2,3,3,0,0,Sunrisers Hyderabad vs Sunrisers Hyderabad
1426309,Sunrisers Hyderabad,V Viyaskanth,2.0,0,22,0,11.0,1,0,2,0,0,Sunrisers Hyderabad vs Sunrisers Hyderabad
1426310,Rajasthan Royals,Avesh Khan,4.0,0,44,3,11.0,6,5,2,0,0,Rajasthan Royals vs Royal Challengers Bengaluru
1426310,Rajasthan Royals,R Ashwin,4.0,0,19,2,4.75,9,0,0,2,0,Rajasthan Royals vs Royal Challengers Bengaluru
1426310,Rajasthan Royals,Sandeep Sharma,4.0,0,48,1,12.0,3,5,2,0,0,Rajasthan Royals vs Royal Challengers Bengaluru
1426310,Rajasthan Royals,TA Boult,4.0,0,16,1,4.0,12,1,0,0,0,Rajasthan Royals vs Royal Challengers Bengaluru
1426310,Rajasthan Royals,YS Chahal,4.0,0,43,1,10.75,7,2,4,0,0,Rajasthan Royals vs Royal Challengers Bengaluru
1426310,Royal Challengers Bengaluru,C Green,4.0,0,28,1,7.0,9,1,2,0,0,Royal Challengers Bengaluru vs Royal Challengers Bengaluru
1426310,Royal Challengers Bengaluru,KV Sharma,2.0,0,19,1,9.5,1,2,0,2,0,Royal Challengers Bengaluru vs Royal Challengers Bengaluru
1426310,Royal Challengers Bengaluru,LH Ferguson,4.0,0,37,1,9.25,9,3,2,0,0,Royal Challengers Bengaluru vs Royal Challengers Bengaluru
1426310,Royal Challengers Bengaluru,Mohammed Siraj,4.0,0,33,2,8.25,6,4,0,3,0,Royal Challengers Bengaluru vs Royal Challengers Bengaluru
1426310,Royal Challengers Bengaluru,Swapnil Singh,2.0,0,19,0,9.5,4,2,1,0,0,Royal Challengers Bengaluru vs Royal Challengers Bengaluru
1426310,Royal Challengers Bengaluru,Yash Dayal,3.0,0,37,0,12.33,5,8,0,0,0,Royal Challengers Bengaluru vs Royal Challengers Bengaluru
1426311,Rajasthan Royals,Avesh Khan,4.0,0,27,3,6.75,11,2,1,2,0,Rajasthan Royals vs Sunrisers Hyderabad
1426311,Rajasthan Royals,R Ashwin,4.0,0,43,0,10.75,4,3,2,0,0,Rajasthan Royals vs Sunrisers Hyderabad
1426311,Rajasthan Royals,Sandeep Sharma,4.0,0,25,2,6.25,9,3,0,1,0,Rajasthan Royals vs Sunrisers Hyderabad
1426311,Rajasthan Royals,TA Boult,4.0,0,45,3,11.25,7,3,3,2,0,Rajasthan Royals vs Sunrisers Hyderabad
1426311,Rajasthan Royals,YS Chahal,4.0,0,34,0,8.5,9,0,3,2,0,Rajasthan Royals vs Sunrisers Hyderabad
1426311,Sunrisers Hyderabad,AK Markram,1.1,0,10,0,8.57,2,0,1,0,0,Sunrisers Hyderabad vs Sunrisers Hyderabad
1426311,Sunrisers Hyderabad,Abhishek Sharma,4.0,0,24,2,6.0,8,2,0,0,0,Sunrisers Hyderabad vs Sunrisers Hyderabad
1426311,Sunrisers Hyderabad,B Kumar,3.0,0,33,0,11.0,7,4,2,0,0,Sunrisers Hyderabad vs Sunrisers Hyderabad
1426311,Sunrisers Hyderabad,JD Unadkat,1.0,0,5,0,5.0,2,0,0,1,0,Sunrisers Hyderabad vs Sunrisers Hyderabad
1426311,Sunrisers Hyderabad,PJ Cummins,4.0,0,30,1,7.5,10,3,1,1,0,Sunrisers Hyderabad vs Sunrisers Hyderabad
1426311,Sunrisers Hyderabad,Shahbaz Ahmed,4.0,0,23,3,5.75,13,2,1,0,0,Sunrisers Hyderabad vs Sunrisers Hyderabad
1426311,Sunrisers Hyderabad,T Natarajan,3.0,0,13,1,4.33,12,2,0,1,0,Sunrisers Hyderabad vs Sunrisers Hyderabad
1426312,Kolkata Knight Riders,AD Russell,2.3,1,19,3,7.6,7,1,1,1,0,Kolkata Knight Riders vs Sunrisers Hyderabad
1426312,Kolkata Knight Riders,CV Varun,2.0,0,9,1,4.5,6,1,0,0,0,Kolkata Knight Riders vs Sunrisers Hyderabad
1426312,Kolkata Knight Riders,Harshit Rana,4.0,1,24,2,6.0,13,2,1,1,0,Kolkata Knight Riders vs Sunrisers Hyderabad
1426312,Kolkata Knight Riders,MA Starc,3.0,0,14,2,4.67,11,2,0,0,0,Kolkata Knight Riders vs Sunrisers Hyderabad
1426312,Kolkata Knight Riders,SP Narine,4.0,0,16,1,4.0,8,0,0,0,0,Kolkata Knight Riders vs Sunrisers Hyderabad
1426312,Kolkata Knight Riders,VG Arora,3.0,0,24,1,8.0,8,2,1,4,0,Kolkata Knight Riders vs Sunrisers Hyderabad
1426312,Sunrisers Hyderabad,AK Markram,1.0,0,5,0,5.0,2,0,0,0,0,Sunrisers Hyderabad vs Sunrisers Hyderabad
1426312,Sunrisers Hyderabad,B Kumar,2.0,0,25,0,12.5,5,2,2,1,0,Sunrisers Hyderabad vs Sunrisers Hyderabad
1426312,Sunrisers Hyderabad,JD Unadkat,1.0,0,9,0,9.0,1,1,0,0,0,Sunrisers Hyderabad vs Sunrisers Hyderabad
1426312,Sunrisers Hyderabad,PJ Cummins,2.0,0,18,1,9.0,7,2,1,1,0,Sunrisers Hyderabad vs Sunrisers Hyderabad
1426312,Sunrisers Hyderabad,Shahbaz Ahmed,2.3,0,22,1,8.8,4,1,2,0,0,Sunrisers Hyderabad vs Sunrisers Hyderabad
1426312,Sunrisers Hyderabad,T Natarajan,2.0,0,29,0,14.5,2,4,1,2,0,Sunrisers Hyderabad vs Sunrisers Hyderabad
